Lock Easman,Fundamental client-server utilisation,Baby,leasman0@cnbc.com,Champion
Brittne Palay,Proactive exuding moratorium,Outdoors,bpalay1@yellowpages.com,Aileen Wuornos: The Selling of a Serial Killer
Valma Rouke,Balanced coherent model,Beauty,vrouke4@ifeng.com,Abbott and Costello Meet the Mummy
Herman Laidel,Realigned reciprocal alliance,Beauty,hlaidelb@1688.com,Rainy Dog (Gokudô kuroshakai)
Kippar Tunnadine,Cloned fresh-thinking definition,Toys,ktunnadineg@instagram.com,"Woman Is a Woman, A (femme est une femme, Une)"
Dolph Kettell,Synergistic zero administration projection,Home,dkettellh@paginegialle.it,Django Unchained
Giustino Roarty,Balanced mission-critical superstructure,Computers,groartyj@aol.com,Prime Suspect 2
Pace Torvey,Function-based modular archive,Clothing,ptorveyk@mapquest.com,And Then Came Lola
Gwendolyn Limpricht,Sharable full-range core,Shoes,glimprichtm@acquirethisname.com,Inseparable
Charlie Geddis,Adaptive transitional circuit,Electronics,cgeddiso@blogspot.com,Come Live with Me
Odell Pettyfer,Synchronised analyzing open system,Baby,opettyferp@nhs.uk,"Palm Beach Story, The"
Ignatius Veracruysse,Organic secondary implementation,Movies,iveracruysser@biglobe.ne.jp,"Perfect Holiday, The"
Friedrich Jarman,Extended zero administration encoding,Movies,fjarmanu@ask.com,"Replacement Killers, The"
Danit Joddins,Networked dedicated extranet,Tools,djoddinsw@webnode.com,Kumaré
Mic Burburough,Enhanced interactive paradigm,Automotive,mburburoughx@google.cn,"Hole, The"
Vanna Dumbleton,Triple-buffered asynchronous Graphical User Interface,Industrial,vdumbletony@mapquest.com,I Still Know What You Did Last Summer
Laurena Zorener,Down-sized executive encoding,Garden,lzorener13@buzzfeed.com,Shaolin Wooden Men (Shao Lin mu ren xiang)
Miner Geane,Switchable zero tolerance service-desk,Health,mgeane14@yale.edu,"Border Run (Mule, The)"
Dael Brehat,Upgradable zero tolerance paradigm,Jewelery,dbrehat17@t-online.de,Men of Respect
Wilma Branchflower,Cloned solution-oriented archive,Games,wbranchflower19@miitbeian.gov.cn,Bird of Paradise
Perrine Service,Cross-platform national model,Tools,pservice1a@google.co.jp,Eastwood on Eastwood
Magdalene Coltman,Managed background implementation,Home,mcoltman1c@tripod.com,"Return of the Pink Panther, The"
Iorgos Clapperton,Centralized systemic policy,Books,iclapperton1g@tamu.edu,Paris
Roman Boch,Robust heuristic orchestration,Outdoors,rboch1j@behance.net,"Rising Place, The"
Livvyy Olivier,Multi-tiered radical utilisation,Movies,lolivier1m@ucla.edu,Female Trouble
Steffie Rapo,Future-proofed 24 hour budgetary management,Computers,srapo1n@drupal.org,Bonnie and Clyde
Amelita Ximenez,Optional well-modulated system engine,Toys,aximenez1o@exblog.jp,P.S. Your Cat is Dead
Jocelin Yvens,Networked even-keeled contingency,Sports,jyvens1p@telegraph.co.uk,Devil's Doorway
Carroll Francis,Synchronised holistic groupware,Music,cfrancis1q@elegantthemes.com,White Mischief
Tania Licquorish,Fundamental 6th generation flexibility,Music,tlicquorish1r@github.com,Raising Helen
Harri Crowter,Implemented systematic archive,Industrial,hcrowter1s@devhub.com,Enemy
Jilly Blogg,Managed foreground standardization,Sports,jblogg1t@blinklist.com,Jagged Edge
Maura Lengthorn,Stand-alone stable function,Games,mlengthorn1u@google.com.au,The Fat Spy
Tulley Ericssen,Seamless radical intranet,Books,tericssen1v@dropbox.com,"Hollywood Knights, The"
Stephen Jaggers,Managed multi-state database,Garden,sjaggers1x@theguardian.com,Lagaan: Once Upon a Time in India
Iggie Bradley,Organized discrete collaboration,Grocery,ibradley1y@nasa.gov,Darling
Tabby Crinion,Ameliorated zero administration core,Clothing,tcrinion1z@csmonitor.com,Mean Girls 2
Eloisa Rubinovitsch,Managed national initiative,Industrial,erubinovitsch20@wp.com,PAY 2 PLAY: Democracy's High Stakes
Harp Sawkin,Reactive explicit time-frame,Kids,hsawkin21@vimeo.com,High Fidelity
Perkin Midlane,Stand-alone systemic synergy,Electronics,pmidlane22@prnewswire.com,A Most Violent Year
Garwood Zuppa,Robust asynchronous budgetary management,Industrial,gzuppa25@squidoo.com,Summer Heights High
Marlene Iglesia,Diverse neutral emulation,Industrial,miglesia2a@amazonaws.com,The Private Life of Deer
Emlynn Gallard,Upgradable foreground groupware,Jewelery,egallard2b@fda.gov,That Sinking Feeling
Alwin Dmych,Inverse secondary framework,Home,admych2e@edublogs.org,We Steal Secrets: The Story of WikiLeaks
Guglielmo Roads,Re-engineered didactic project,Home,groads2i@arstechnica.com,"Jackal, The"
Sebastien Astall,Inverse actuating Graphic Interface,Music,sastall2l@pen.io,"War You Don't See, The"
Wally Le Houx,Customizable 24/7 framework,Garden,wle2n@artisteer.com,Where a Good Man Goes (Joi gin a long)
Adrianna Harse,Synchronised regional Graphical User Interface,Electronics,aharse2q@google.pl,Victim
Lorant Torald,Adaptive client-driven architecture,Tools,ltorald2t@ed.gov,"Fifth Commandment, The"
Elyssa Walles,Persistent background hardware,Kids,ewalles2v@google.nl,35 Shots of Rum (35 rhums)
Randie Guye,Secured tangible structure,Home,rguye2z@foxnews.com,In the House
Drucie Gunnell,Synchronised solution-oriented website,Music,dgunnell30@phpbb.com,Do Fish Do It? (Fickende Fische)
Gwendolen Ahlin,Operative demand-driven forecast,Clothing,gahlin33@google.pl,"Ladykillers, The"
Buckie Anear,Networked 3rd generation secured line,Computers,banear36@linkedin.com,"Black Heaven (L'autre monde) (Other World, The)"
Kim Damp,Reverse-engineered executive installation,Automotive,kdamp38@technorati.com,"Thirty-Nine Steps, The"
Mirella Brittles,Polarised 4th generation hardware,Grocery,mbrittles3a@dot.gov,Small Cuts (Petites coupures)
Park Baszniak,Extended tertiary flexibility,Toys,pbaszniak3b@edublogs.org,Feast III: The Happy Finish
Millicent Malden,Exclusive radical pricing structure,Clothing,mmalden3c@soundcloud.com,"Transporter, The"
Sander Cleghorn,Integrated user-facing framework,Toys,scleghorn3d@vk.com,"Swan Princess: Escape from Castle Mountain, The"
Chet Hinkley,Profound bifurcated internet solution,Outdoors,chinkley3f@irs.gov,"Last Witness, The"
Morie Emanuele,Mandatory fresh-thinking initiative,Tools,memanuele3g@msn.com,Water
Winny O'Regan,Configurable 6th generation encryption,Automotive,woregan3h@wufoo.com,Luv
Gilemette Gonnard,Centralized stable success,Garden,ggonnard3k@accuweather.com,Inferno
Ariela Ricart,Public-key bandwidth-monitored throughput,Health,aricart3m@tripadvisor.com,I Am Curious (Blue) (Jag är nyfiken - en film i blått)
Jamie Peakman,Cloned bi-directional adapter,Clothing,jpeakman3n@java.com,Nude for Satan (Nuda per Satana)
Flor Souness,Monitored intermediate synergy,Music,fsouness3o@friendfeed.com,Des gens qui s'embrassent
Birch Pasquale,Adaptive bi-directional customer loyalty,Tools,bpasquale3q@dot.gov,Anaconda
Sean Rockhall,Profound directional focus group,Industrial,srockhall3s@mapquest.com,"Twilight of the Golds, The"
Irene Wiz,Reverse-engineered 6th generation strategy,Outdoors,iwiz3v@bizjournals.com,Party Girl
Janice Dimeloe,Future-proofed coherent attitude,Games,jdimeloe42@nifty.com,Countdown to Zero
Farica Mayfield,Exclusive well-modulated open system,Automotive,fmayfield46@china.com.cn,Hamlet
Clerc McCall,Multi-lateral fresh-thinking software,Sports,cmccall49@hao123.com,Aladdin
Karna Handasyde,Cross-group grid-enabled help-desk,Baby,khandasyde4a@si.edu,"Enemy Below, The"
Winthrop Lieber,Balanced real-time groupware,Sports,wlieber4b@gnu.org,Four Flies on Grey Velvet
Cinderella Lewnden,Persevering explicit task-force,Baby,clewnden4d@narod.ru,Clean and Sober
Beverie Gush,Sharable secondary local area network,Toys,bgush4e@people.com.cn,The Iron Commissioner
Olivero Culwen,Extended leading edge time-frame,Music,oculwen4f@soup.io,Dragon Ball Z: Dead Zone (Doragon bôru Z 1: Ora no Gohan wo kaese)
Verna Thibodeaux,Polarised dynamic model,Health,vthibodeaux4g@wufoo.com,Sicily! (Sicilia!)
Andre Bover,Enterprise-wide value-added complexity,Industrial,abover4h@t-online.de,Boy Eats Girl
Hermon O'Leahy,Devolved interactive artificial intelligence,Sports,holeahy4i@facebook.com,Brokedown Palace
Donavon De La Salle,Mandatory homogeneous encoding,Kids,dde4n@pinterest.com,"Krakatoa, East of Java"
Frants Dilks,Persistent 5th generation structure,Clothing,fdilks4p@aol.com,The Love Machine
Booth Shubotham,Extended scalable moderator,Jewelery,bshubotham4s@posterous.com,Where Is Fred!? (Wo ist Fred?)
Celestia Nisuis,Virtual stable toolset,Kids,cnisuis4w@si.edu,Tank on the Moon
Julie Chaise,Operative composite access,Outdoors,jchaise4x@icq.com,Mulholland Drive
Lesley Gimson,Organic leading edge focus group,Garden,lgimson4z@slashdot.org,For Neda
Quintin Lebarree,Extended 3rd generation neural-net,Books,qlebarree50@pbs.org,Dial 1119
Elfrida Hurburt,Synchronised hybrid paradigm,Automotive,ehurburt51@kickstarter.com,For Those in Peril
Brocky Gabler,Multi-lateral transitional migration,Industrial,bgabler57@altervista.org,"Housekeeper, The (femme de ménage, Une)"
Valle Gurry,Multi-layered modular ability,Home,vgurry58@comsenz.com,"War Zone, The"
Katusha Ros,Function-based global Graphical User Interface,Home,kros59@163.com,Welcome Farewell-Gutmann (Bienvenido a Farewell-Gutmann)
Avram Isham,User-friendly bottom-line framework,Tools,aisham5b@google.co.jp,"Sitter, The"
Bert Loughrey,Sharable motivating moratorium,Clothing,bloughrey5c@squarespace.com,Sabotage
Aurilia Fidgin,Automated high-level matrices,Electronics,afidgin5f@com.com,"Good Morning, Babylon"
Christophorus Van De Cappelle,Secured contextually-based extranet,Clothing,cvan5j@europa.eu,No Looking Back
Vinni Korf,Multi-tiered full-range contingency,Music,vkorf5l@taobao.com,West of Zanzibar
Averyl Flaherty,Fundamental radical support,Baby,aflaherty5m@de.vu,Cousinhood (Primos)
Xever Hollow,Synergized static open system,Tools,xhollow5o@google.ca,What If ...
Moises Schooling,Up-sized mission-critical access,Sports,mschooling5q@shop-pro.jp,Jungle Holocaust (Ultimo mondo cannibale)
Katha Tewelson,Managed intermediate hardware,Movies,ktewelson5r@google.fr,The Grump
Butch Kilner,Stand-alone exuding product,Outdoors,bkilner5s@parallels.com,Temptress Moon (Feng Yue)
Bill Cokly,Team-oriented value-added flexibility,Movies,bcokly5t@slashdot.org,Is the Man Who Is Tall Happy?
Sonya Prine,Triple-buffered impactful leverage,Industrial,sprine5u@state.gov,Saturday Night and Sunday Morning
Burl Biggs,De-engineered heuristic hierarchy,Toys,bbiggs5w@ft.com,Undertow (Contracorriente)
Lilla Greenhouse,Function-based scalable intranet,Tools,lgreenhouse5z@xinhuanet.com,"House of Yes, The"
Cole Blackie,Grass-roots foreground algorithm,Outdoors,cblackie63@ovh.net,Benigni
Harald Milmore,Cloned methodical emulation,Health,hmilmore64@marriott.com,Charly
Tootsie Atling,Extended object-oriented projection,Garden,tatling65@desdev.cn,Satan's Tango (Sátántangó)
Clarissa Bolens,Advanced dynamic structure,Garden,cbolens67@chron.com,One Life
Othelia Udell,Exclusive global core,Tools,oudell68@altervista.org,Madame Satã
Francene Vereker,Customer-focused intangible archive,Baby,fvereker69@imageshack.us,Boxing Gym
Bryn Brithman,Multi-tiered tertiary strategy,Jewelery,bbrithman6b@163.com,Jesus liebt mich
Paton Topham,Cross-platform regional initiative,Music,ptopham6c@lulu.com,Project Grizzly
Hi Daybell,Enterprise-wide empowering website,Shoes,hdaybell6e@mapy.cz,"Fox, The"
Britte Mullen,Switchable bifurcated knowledge base,Electronics,bmullen6g@discovery.com,The Wild Bunch: An Album in Montage
Tommie Bootyman,Ameliorated reciprocal attitude,Baby,tbootyman6h@walmart.com,That Sinking Feeling
Gilli Marklow,Object-based object-oriented benchmark,Garden,gmarklow6j@xinhuanet.com,11-11-11 (11-11-11: The Prophecy)
Elle Lummasana,Sharable responsive concept,Games,elummasana6k@ca.gov,Quod erat demonstrandum
Dorise Fright,Synergized foreground info-mediaries,Home,dfright6m@google.nl,Star Trek: The Motion Picture
Clemence Sarah,Quality-focused dynamic utilisation,Clothing,csarah6n@stanford.edu,Tales from the Darkside: The Movie
Byram Duval,Persistent multi-tasking migration,Sports,bduval6o@sciencedirect.com,"Prowler, The"
Padraic Moughton,Persevering dedicated application,Sports,pmoughton6q@last.fm,"Positively True Adventures of the Alleged Texas Cheerleader-Murdering Mom, The"
Sonni Geratt,Open-source human-resource project,Sports,sgeratt6x@webnode.com,X-Men: The Last Stand
Sherrie Inglesent,Fundamental content-based architecture,Outdoors,singlesent6y@theguardian.com,Oz the Great and Powerful
Tristam Hickford,Robust static frame,Jewelery,thickford70@yellowpages.com,"Union: The Business Behind Getting High, The"
Joellen Pluck,User-centric tangible throughput,Shoes,jpluck72@seesaa.net,Paradise
Arley O'Hollegan,Self-enabling zero defect instruction set,Home,aohollegan76@comsenz.com,Blank Check
Vale De Cristoforo,Sharable even-keeled website,Jewelery,vde78@sourceforge.net,Con Air
Rycca Baltrushaitis,Implemented 24/7 core,Books,rbaltrushaitis7a@sogou.com,Cesar Chavez
Dyane Cromwell,Object-based discrete workforce,Games,dcromwell7b@macromedia.com,Breakfast on Pluto
Gerald Kierans,Future-proofed zero defect interface,Books,gkierans7d@geocities.com,Rage (Rabia)
Leonardo Kempster,Cloned optimizing algorithm,Baby,lkempster7g@ucoz.ru,Low Life
Lothaire Madill,Secured motivating hierarchy,Toys,lmadill7h@shop-pro.jp,Munich
Deena Skirrow,Streamlined uniform process improvement,Music,dskirrow7i@nyu.edu,"Master of Ballantrae, The"
Glennie Pomeroy,Function-based client-server focus group,Jewelery,gpomeroy7j@abc.net.au,Cold Turkey
Clarisse Bacop,Multi-channelled disintermediate Graphical User Interface,Garden,cbacop7l@jalbum.net,Crawlspace
Kriste Thomel,Quality-focused demand-driven circuit,Grocery,kthomel7m@dagondesign.com,Hotte in Paradise (Hotte im Paradies)
Oby Bernardelli,Open-architected local product,Industrial,obernardelli7n@icq.com,Who Killed Vincent Chin?
Trisha Kuhle,Automated directional conglomeration,Home,tkuhle7p@skype.com,Life Is Beautiful (La Vita è bella)
Felipe Baynard,Automated responsive installation,Music,fbaynard7r@nhs.uk,Live!
Waldon Fladgate,Robust systemic conglomeration,Movies,wfladgate7u@4shared.com,"Mudlark, The"
Demetrius Canwell,Profit-focused upward-trending secured line,Grocery,dcanwell7v@tamu.edu,"Boob, The"
Deanne Mathieson,Re-contextualized 6th generation task-force,Shoes,dmathieson7w@seesaa.net,"Guy Named Joe, A"
Efren Grabham,Vision-oriented needs-based hub,Clothing,egrabham7x@feedburner.com,Geronimo
Tull Grumley,Function-based dynamic complexity,Industrial,tgrumley7z@alibaba.com,Defending Your Life
Michaella MacCurtain,Future-proofed homogeneous frame,Toys,mmaccurtain80@hp.com,Palindromes
Lydia Heaney`,Managed eco-centric complexity,Computers,lheaney81@npr.org,V. I. Warshawski
Earl Fayer,Networked next generation instruction set,Baby,efayer83@wikispaces.com,West Point
Trevar Harriot,Automated methodical capacity,Outdoors,tharriot84@webs.com,Life According to Sam
Melessa McRill,Enhanced responsive middleware,Industrial,mmcrill85@ft.com,"Red Pony, The"
Malissia McLaverty,Switchable client-server attitude,Music,mmclaverty8e@ox.ac.uk,"Golden Compass, The"
Rory Lackmann,Compatible logistical throughput,Automotive,rlackmann8g@delicious.com,DuckTales: The Movie - Treasure of the Lost Lamp
Hall Giovannacc@i,Optional neutral challenge,Computers,hgiovannacci8i@samsung.com,Inside: 'Dr. Strangelove or How I Learned to Stop Worrying and Love the Bomb'
Shellie Treanor,Profit-focused solution-oriented ability,Automotive,streanor8l@xing.com,Monte Carlo
Pembroke Hindshaw,Streamlined cohesive hub,Industrial,phindshaw8m@buzzfeed.com,Flakes
Rusty Wetherick,Streamlined optimizing middleware,Industrial,rwetherick8n@guardian.co.uk,"24 Hour Woman, The"
Bennett MacLucais,Monitored stable flexibility,Tools,bmaclucais8o@archive.org,"Pleasure Seekers, The"
Dael Metschke,Adaptive transitional access,Grocery,dmetschke8p@edublogs.org,"War of the Roses, The"
Sapphira Moscon,Synergized incremental functionalities,Kids,smoscon8q@squarespace.com,Sense & Sensibility
Rhody Warfield,Extended coherent benchmark,Music,rwarfield8u@huffingtonpost.com,Rosewood
Palm Mandell,Programmable non-volatile open system,Tools,pmandell8w@newsvine.com,See What I'm Saying: The Deaf Entertainers Documentary
Milicent Leydon,Centralized cohesive algorithm,Automotive,mleydon8x@edublogs.org,"Night Stalker, The"
Lilian Innman,Re-engineered tangible architecture,Games,linnman8y@time.com,Wisdom
Tressa Edgeson,Visionary leading edge system engine,Movies,tedgeson93@tamu.edu,Tom & Thomas
Dav Simanenko,Intuitive motivating open system,Toys,dsimanenko95@wiley.com,Gamera vs. Barugon
Mel Daleman,Diverse local artificial intelligence,Music,mdaleman99@soundcloud.com,Deceived
Kirby Gammage,Front-line real-time parallelism,Books,kgammage9g@businessweek.com,"Mating Season, The"
Maura Mokes,Digitized hybrid core,Home,mmokes9i@bing.com,I Wanna Hold Your Hand
Cassy Strettell,Sharable full-range capacity,Toys,cstrettell9j@privacy.gov.au,The Sky Dragon
Rossie Cockshtt,De-engineered motivating matrix,Industrial,rcockshtt9o@deviantart.com,"Sticky Fingers of Time, The"
Eberhard Markova,Universal attitude-oriented algorithm,Toys,emarkova9p@salon.com,Beautiful Girls
Devondra Ragbourn,Profound bottom-line firmware,Outdoors,dragbourn9s@webs.com,Offside
Maxine Chatfield,Diverse holistic task-force,Electronics,mchatfield9u@europa.eu,"Reluctant Astronaut, The"
Zsa zsa Skakunas,Versatile executive projection,Automotive,zzsa9v@wordpress.org,Vampire Hunter D
Michel Exton,Synergistic discrete software,Health,mexton9w@tinyurl.com,"Loco Love (Mi Casa, Su Casa)"
Margaret Copland,Re-contextualized secondary monitoring,Outdoors,mcopland9y@naver.com,Rhythm of a Crime (Ritam zlocina)
Stirling Carvilla,Extended demand-driven infrastructure,Home,scarvillaa2@opera.com,Mood Indigo (L'écume des jours)
Leanora Gaskal,Configurable background superstructure,Garden,lgaskala4@mapy.cz,Marked Woman
Garvin Karlolczak,Up-sized value-added website,Industrial,gkarlolczaka5@fc2.com,"Survivors, The"
Dalli Kembery,Expanded 24 hour encryption,Jewelery,dkemberya6@photobucket.com,Not Here to Be Loved (Je ne suis pas là pour être aimé)
Adeline Phlipon,Fully-configurable bifurcated matrix,Electronics,aphlipona8@bing.com,Fathom
Aleta Asser,Reduced analyzing process improvement,Kids,aasseraa@prnewswire.com,Doctor at Large
Vaughan Klamman,Polarised modular attitude,Garden,vklammanac@meetup.com,Raid on Rommel
Drud Yeend,Persevering stable firmware,Games,dyeendae@tripod.com,Mars
Kathleen Fidele,Multi-tiered encompassing capability,Industrial,kfideleaf@freewebs.com,"Leech Woman, The"
Lincoln Ferreira,Customer-focused homogeneous portal,Health,lferreiraag@dailymotion.com,Sleepaway Camp
Margarete Bolus,Business-focused tertiary workforce,Health,mbolusai@sbwire.com,"Gas, Food, Lodging"
Aindrea Prozillo,Enterprise-wide full-range process improvement,Shoes,aprozilloal@fc2.com,"Other Son, The (Fils de l'autre, Le)"
Flint Lidbetter,Multi-tiered stable success,Computers,flidbetteram@yellowbook.com,Point and Shoot
Jeannette Manderson,Organized composite matrix,Baby,jmandersonao@yellowbook.com,Dracula 2000
Sharla Wheatcroft,Adaptive asynchronous installation,Books,swheatcroftaq@bing.com,"Mask, The"
Lin Jaynes,Proactive bandwidth-monitored software,Sports,ljaynesav@is.gd,"3 Rooms of Melancholia, The (Melancholian 3 huonetta)"
Ronni Vanyatin,Virtual optimal flexibility,Clothing,rvanyatinb3@nationalgeographic.com,Expelled: No Intelligence Allowed
Garwood de Mullett,Universal real-time firmware,Grocery,gdeb5@printfriendly.com,Borderline
Bryn Thuillier,Intuitive responsive intranet,Health,bthuillierb6@networkadvertising.org,Contact
Lettie Mussard,Sharable attitude-oriented system engine,Baby,lmussardb7@berkeley.edu,"Raven, The"
Sam Mellers,Up-sized exuding success,Tools,smellersb9@jalbum.net,Show People
Lenard Monteath,Re-contextualized encompassing superstructure,Jewelery,lmonteathbc@mapquest.com,Disco Dancer
Anya Lyddyard,Multi-channelled disintermediate time-frame,Jewelery,alyddyardbd@lycos.com,Saint Jack
Lenard Corbitt,Stand-alone radical conglomeration,Outdoors,lcorbittbe@oaic.gov.au,Cain and Mabel
Adela Giddy,Face to face multi-tasking migration,Jewelery,agiddybg@cdbaby.com,"Blue Light, The (Blaue Licht, Das)"
Avivah Tremellan,Fundamental asynchronous service-desk,Computers,atremellanbh@admin.ch,"Kiss Me, Guido"
Hermon Lewzey,Reactive secondary initiative,Toys,hlewzeybj@ask.com,Gleaming the Cube
Germain Swyne,Universal multimedia focus group,Home,gswynebk@reference.com,"Young Philadelphians, The"
Allix Ambroix,Business-focused static capacity,Shoes,aambroixbm@kickstarter.com,"Prestige, The"
Clemens Suscens,Open-architected background moratorium,Jewelery,csuscensbn@wordpress.com,Inbetween Worlds
Calida Lorenc,Open-source homogeneous firmware,Sports,clorencbq@squidoo.com,Code Name: The Cleaner
Camel Tomblett,Re-engineered 4th generation infrastructure,Industrial,ctomblettbr@shareasale.com,Demon Wind
Mikaela Dederick,De-engineered systematic alliance,Kids,mdederickbs@360.cn,Animals United
Darby Postle,Polarised mobile function,Industrial,dpostlebt@huffingtonpost.com,Harakiri
Julita Brettell,Visionary systemic protocol,Movies,jbrettellbv@chron.com,Beijing Taxi
Melvin Salle,Pre-emptive uniform interface,Music,msallebx@blogs.com,"Faculty, The"
Shawnee Holworth,Realigned systematic internet solution,Toys,sholworthby@hibu.com,Thumbelina
Nickolaus Dimmer,Quality-focused static infrastructure,Baby,ndimmerc4@japanpost.jp,"Gentleman's Game, A"
Celia Nono,Profound well-modulated functionalities,Electronics,cnonoc7@marketwatch.com,"Regular Lovers (Amants réguliers, Les)"
Masha Francois,Organized scalable time-frame,Books,mfrancoisc8@europa.eu,Abduction
Alard Niemiec,Cross-platform scalable firmware,Toys,aniemiecc9@t.co,"Devil's Double, The"
Doralia Sterman,Implemented heuristic function,Movies,dstermancb@cnbc.com,Liberal Arts
Emmy Seligson,De-engineered modular projection,Toys,eseligsoncc@ted.com,Top Gun
Susanne Boath,Phased dedicated customer loyalty,Health,sboathce@is.gd,Two Sisters from Boston
Beryl Sedwick,Customer-focused system-worthy time-frame,Garden,bsedwickcg@xinhuanet.com,"First Deadly Sin, The"
Martin Miners,Decentralized incremental frame,Music,mminersch@godaddy.com,Bogus
Budd Diggell,Cross-platform bi-directional toolset,Baby,bdiggellci@domainmarket.com,Jerusalema (Gangster's Paradise: Jerusalema)
Orelee Venables,Fully-configurable well-modulated focus group,Garden,ovenablescj@usnews.com,Silmido
Zebadiah Ditty,Profound multimedia challenge,Computers,zdittycl@google.com.hk,Shepherd
Fred Paulucci,Organized heuristic frame,Home,fpauluccicm@facebook.com,"Rich Man's Wife, The"
Angelico Lattey,Robust even-keeled encryption,Beauty,alatteyco@msn.com,Dinosaurus!
Kellyann Falkinder,Integrated national firmware,Jewelery,kfalkindercp@devhub.com,Dadetown
Barbara Lumsdale,Innovative mobile productivity,Shoes,blumsdalecq@huffingtonpost.com,Dance of the Dead
Lynnett Drage,Persevering neutral circuit,Books,ldragecs@sogou.com,Scandali nudi
Barbabra Cottom,Customizable optimal functionalities,Beauty,bcottomcw@intel.com,"Prize of Peril, The (Prix du danger, Le)"
Estevan Chatell,Cloned user-facing paradigm,Shoes,echatellcy@domainmarket.com,Broken Arrow
Neill Khrishtafovich,Visionary well-modulated concept,Computers,nkhrishtafovichcz@123-reg.co.uk,Hotline
Peg Dunstone,Object-based dynamic access,Outdoors,pdunstoned0@aboutads.info,Down to Earth
Susanetta McOrkil,Visionary scalable functionalities,Baby,smcorkild4@so-net.ne.jp,Hit Squad
Jean Lile,Virtual radical support,Clothing,jliled7@timesonline.co.uk,Kai Po Che!
Doralia Brimm,Inverse systematic info-mediaries,Games,dbrimmd8@gizmodo.com,Michael Jordan to the Max
Alexis Sier,Optimized intermediate contingency,Sports,asierd9@va.gov,Fantastic Four: Rise of the Silver Surfer
Marrilee Launder,Persevering content-based frame,Music,mlaunderda@ask.com,Crimes of Passion
Virgilio Woolmington,Multi-lateral 24 hour parallelism,Jewelery,vwoolmingtondd@sogou.com,"Window, The"
Dorothea Huckell,Devolved incremental focus group,Baby,dhuckelldg@icio.us,"Single Girl, A (Fille seule, La)"
Northrup Caghy,Sharable scalable collaboration,Electronics,ncaghydh@google.com.br,Inn of Evil (Inochi bô ni furô)
Veronica De la Zenne,Synergized 4th generation projection,Grocery,vdedl@php.net,Where's Marlowe?
Irvin Beamish,Devolved actuating architecture,Home,ibeamishdm@networksolutions.com,"Secret Six, The"
Sophi Hargreves,Fundamental transitional algorithm,Health,shargrevesdo@reuters.com,Topkapi
Janot Moorhouse,Programmable radical approach,Garden,jmoorhousedq@unesco.org,"Autumn Heart, The"
Steffie Mander,Up-sized homogeneous functionalities,Health,smanderdr@vk.com,Pierrot le fou
Cammi Robiot,Enhanced zero defect software,Baby,crobiotds@slate.com,Dara Ó Briain Talks Funny: Live in London
Tandie Kinder,Front-line neutral application,Games,tkinderdu@baidu.com,"Long Goodbye, The"
Andie Chamberlain,Decentralized global secured line,Automotive,achamberlaindy@nature.com,The Invisible Boy
Janaya Sparshutt,Implemented radical access,Grocery,jsparshuttdz@4shared.com,Snake Eyes
Sasha Sture,Focused exuding conglomeration,Home,ssturee2@reuters.com,David Cross: The Pride Is Back
Say Skiggs,Monitored interactive info-mediaries,Movies,sskiggse4@si.edu,Voices
Elwyn Pettyfer,Customizable zero administration solution,Grocery,epettyfere7@smugmug.com,Kinky Boots
Codie Lauchlan,Expanded scalable challenge,Baby,clauchlanea@mtv.com,"Fourth State, The (Die vierte Macht)"
Aimil Shillitto,Synchronised zero administration migration,Health,ashillittoeb@wikimedia.org,Bo Burnham: what.
Filia Pimblotte,Innovative optimal local area network,Shoes,fpimblotteec@networkadvertising.org,America the Beautiful 2: The Thin Commandments
Durant Akid,Assimilated transitional portal,Automotive,dakidee@nyu.edu,Gone in 60 Seconds
Lucky Vowells,Reduced system-worthy array,Outdoors,lvowellsei@privacy.gov.au,Bhutto
Hirsch Hampe,Pre-emptive actuating system engine,Beauty,hhampeej@forbes.com,"Whole Night, A (Toute une nuit)"
Janel Durkin,Customer-focused tertiary algorithm,Games,jdurkinek@angelfire.com,Wheelmen
Leonanie Marris,Object-based full-range knowledge base,Outdoors,lmarrisel@va.gov,"Silences of the Palace, The (Saimt el Qusur)"
Eugenius Caser,Realigned client-driven matrices,Kids,ecaserem@wordpress.com,Quadrille
Thom Jacobowits,Down-sized multimedia superstructure,Toys,tjacobowitsen@photobucket.com,"Edge of Heaven, The (Auf der anderen Seite)"
Mandi Crammy,Expanded modular protocol,Games,mcrammyeo@deliciousdays.com,"Talking Picture, A (Um Filme Falado)"
Julieta Mangion,Organized modular ability,Books,jmangioner@statcounter.com,Ollie Hopnoodle's Haven of Bliss
Stanford Nattrass,Vision-oriented web-enabled circuit,Books,snattrasses@ca.gov,Smokey and the Bandit III
Val Odhams,Seamless upward-trending time-frame,Garden,vodhamset@parallels.com,Phantom of the Rue Morgue
Rob Yashaev,Configurable regional orchestration,Electronics,ryashaeveu@gizmodo.com,Little Secrets
Kearney Friman,Right-sized human-resource matrix,Toys,kfrimanev@howstuffworks.com,"Haunting of Molly Hartley, The"
Graham Amsberger,Team-oriented 24/7 archive,Automotive,gamsbergerew@storify.com,Running from Crazy
Sonny Addeycott,Innovative methodical adapter,Sports,saddeycottey@shareasale.com,"Blood, Guts, Bullets and Octane"
Sean Bice,Advanced demand-driven Graphic Interface,Garden,sbicef0@state.tx.us,"Royal Tenenbaums, The"
Sylas Novik,Grass-roots clear-thinking extranet,Industrial,snovikf2@prnewswire.com,"Samouraï, Le (Godson, The)"
Henka McElvine,Reactive executive solution,Shoes,hmcelvinef4@cnbc.com,"Manzanar Fishing Club, The"
Connie Guillerman,Decentralized next generation monitoring,Automotive,cguillermanf6@macromedia.com,Impulse
Hubey Van der Brugge,Managed incremental encoding,Toys,hvanf7@freewebs.com,Dawn of the Dead
Antonin Ballsdon,Enhanced multi-state productivity,Outdoors,aballsdonf9@amazon.com,Morning Glory
Berton Elsmere,Optimized fresh-thinking paradigm,Shoes,belsmerefa@multiply.com,"Sky's the Limit, The"
Margie Poinsett,Expanded non-volatile installation,Grocery,mpoinsettfb@amazon.com,Classmates
Abey Di Meo,Synergized bandwidth-monitored structure,Garden,adiff@samsung.com,Versailles
Vitoria Jura,Upgradable multimedia frame,Health,vjurafg@hibu.com,Under the Skin of the City (Zir-e-poost-e Shahr)
Emanuel Tockell,Upgradable context-sensitive migration,Shoes,etockellfh@cam.ac.uk,New York
Lelah Kubelka,Persistent systemic info-mediaries,Tools,lkubelkafi@123-reg.co.uk,B.T.K.
Gayleen Skyram,Focused directional functionalities,Music,gskyramfj@fastcompany.com,Mallrats
Caspar Sheldrake,Reactive 5th generation instruction set,Grocery,csheldrakefk@nifty.com,You Can't Take It with You
Phyllys Fogt,Inverse interactive orchestration,Tools,pfogtfl@wordpress.com,When Trumpets Fade
Hannie Gerriet,Multi-tiered zero tolerance workforce,Industrial,hgerrietfr@taobao.com,"Deadly Trap, The (La maison sous les arbres)"
Elbert O'Shiel,Up-sized solution-oriented framework,Kids,eoshielfw@etsy.com,The Menacing Eye
Nickie Skipper,Streamlined needs-based contingency,Movies,nskipperfx@hhs.gov,Gang Related
Cointon Cussins,Up-sized heuristic functionalities,Baby,ccussinsfy@wikipedia.org,"Grand, The"
Eldridge Brimicombe,Persevering didactic intranet,Toys,ebrimicombefz@ezinearticles.com,Under the Sun of Satan (Sous le soleil de Satan)
Iolanthe Caro,Customer-focused zero defect knowledge user,Kids,icarog2@bigcartel.com,Century of the Dragon (Long zai bian yuan)
Alida Gillian,Right-sized value-added support,Industrial,agilliang3@toplist.cz,Send a Bullet (Manda Bala)
Jase Muxworthy,Vision-oriented bifurcated initiative,Kids,jmuxworthyg4@xrea.com,Feast
Adoree Naerup,Optional multi-tasking intranet,Clothing,anaerupg5@ucoz.ru,All About Steve
Briggs Salmen,Focused intermediate open system,Kids,bsalmeng7@noaa.gov,Geronimo
Dimitri Ivimey,Front-line 3rd generation internet solution,Garden,divimeyg8@weebly.com,Robin Hood
Emanuele Veasey,Innovative value-added solution,Grocery,eveaseyg9@simplemachines.org,"Divorcee, The"
Lissy Frantzen,De-engineered 5th generation system engine,Grocery,lfrantzenga@rediff.com,Millie
Ailina Berends,Profit-focused human-resource data-warehouse,Tools,aberendsgb@cbc.ca,"Battle of the Sexes, The"
Flory Luesley,Decentralized dedicated knowledge user,Garden,fluesleygd@usda.gov,"Shiro Amakusa, the Christian Rebel (Amakusa Shiro tokisada)"
Mattie Menchenton,Innovative background ability,Movies,mmenchentongh@netvibes.com,Rocky
Nanni Collop,Enterprise-wide empowering service-desk,Sports,ncollopgi@umn.edu,Spanish Fly
Colas Lightning,Mandatory real-time initiative,Garden,clightninggk@cpanel.net,Moby Dick
Consuela Siret,Centralized encompassing initiative,Health,csiretgl@shop-pro.jp,Big
Wylma Bartos,Reverse-engineered fault-tolerant matrix,Jewelery,wbartosgm@joomla.org,The Girl from Nagasaki
Daloris Daveran,Enterprise-wide dynamic definition,Games,ddaverango@mtv.com,Submerged
Dwain Althorpe,Digitized user-facing pricing structure,Home,dalthorpegq@un.org,"War You Don't See, The"
Dniren Addenbrooke,Focused optimizing array,Garden,daddenbrookegs@sourceforge.net,Rollerball
Meir Crowch,Versatile context-sensitive infrastructure,Automotive,mcrowchgu@tmall.com,"Amityville Horror, The"
Raye Jopke,Stand-alone asymmetric framework,Garden,rjopkegv@skype.com,À nos amours
Lonee Holborn,Assimilated value-added orchestration,Tools,lholborngx@xrea.com,"Thousand Clouds of Peace, A (Mil nubes de paz cercan el cielo, amor, jamás acabarás de ser amor)"
Dacie Dowsey,Sharable holistic capability,Clothing,ddowseygy@alexa.com,No Man of Her Own
Caroline Fricker,Programmable intermediate Graphical User Interface,Health,cfrickerh1@addthis.com,Blue Swallow (Cheong yeon)
Sauncho Stemp,User-friendly zero administration alliance,Garden,sstemph3@amazon.co.uk,Oedipus Rex (Edipo re)
Arlinda Arnau,Stand-alone modular productivity,Industrial,aarnauh4@constantcontact.com,Hum Aapke Hain Koun...!
Rebekkah Baiss,Ameliorated eco-centric portal,Industrial,rbaissh6@themeforest.net,Ishaqzaade
Agna Waterman,Visionary user-facing definition,Sports,awatermanh7@meetup.com,Dragon Ball Z the Movie: The World's Strongest (a.k.a. Dragon Ball Z: The Strongest Guy in The World) (Doragon bôru Z: Kono yo de ichiban tsuyoi yatsu)
Frannie Moreland,Extended foreground service-desk,Grocery,fmorelandhj@fda.gov,The Cave of the Golden Rose
Jacynth Leamy,Business-focused dynamic concept,Clothing,jleamyhn@technorati.com,Hogfather (Terry Pratchett's Hogfather)
Garrot Shoesmith,Balanced bottom-line info-mediaries,Electronics,gshoesmithhp@imdb.com,Bomber
Byram Bassano,Expanded clear-thinking capability,Music,bbassanohq@livejournal.com,Naked
Gabi Durtnell,Upgradable zero defect database,Shoes,gdurtnellhr@stumbleupon.com,Antboy II: Revenge of the Red Fury (Antboy: Den Røde Furies Hævn)
Dulcea Jordan,Vision-oriented global intranet,Health,djordanhw@geocities.jp,They Call Me Mister Tibbs!
Adrienne Folke,Streamlined radical internet solution,Automotive,afolkehx@gov.uk,"Yes, Madam (a.k.a. Police Assassins) (a.k.a. In the Line of Duty 2) (Huang gu shi jie)"
Delora Auguste,Integrated stable complexity,Grocery,daugustehy@gizmodo.com,Dishonored
Aloysia Orbon,Ergonomic regional access,Shoes,aorboni1@github.io,Strangers with Candy
Karee Hucks,Robust actuating circuit,Tools,khucksi5@webs.com,Mystery (Fu cheng mi shi)
Alina Smallsman,Operative holistic monitoring,Automotive,asmallsmani8@uiuc.edu,King Kong
Brittany Sibbit,Assimilated disintermediate website,Music,bsibbiti9@google.it,Lone Wolf and Cub: Baby Cart at the River Styx (Kozure Ôkami: Sanzu no kawa no ubaguruma)
Diannne Dungay,Re-contextualized user-facing encoding,Music,ddungayia@disqus.com,The Count of Monte Cristo
Kris Reilingen,Face to face methodical benchmark,Kids,kreilingenib@redcross.org,Husbands
Cooper Bruyett,Expanded content-based throughput,Baby,cbruyettie@google.nl,Dragon Lord (a.k.a. Dragon Strike) (Long Xiao Ye)
Ileane Kerfod,Balanced multi-state hardware,Games,ikerfodif@usnews.com,StreetDance 3D
Lynda Lowe,Inverse explicit website,Books,lloweig@surveymonkey.com,"Claire's Knee (Genou de Claire, Le)"
Scottie Maxfield,Networked coherent info-mediaries,Baby,smaxfieldih@google.ru,"Kid With a Bike, The (Le gamin au vélo)"
Enoch Chadwyck,Extended non-volatile throughput,Electronics,echadwyckii@ucoz.ru,God of Cookery (Sik san)
Tod Roots,Cross-platform dedicated standardization,Electronics,trootsij@slideshare.net,"Best Man Holiday, The"
Adolphe Siward,Integrated methodical conglomeration,Sports,asiwardik@360.cn,Dangerous Ground
Eryn Frosch,Self-enabling needs-based infrastructure,Jewelery,efroschim@jigsy.com,Couples Retreat
Geralda Heisler,Intuitive stable instruction set,Industrial,gheislerin@arizona.edu,Nine Lives (Ni liv)
Junina Judron,Compatible client-server budgetary management,Tools,jjudronip@weebly.com,Dracula: Pages from a Virgin's Diary
Bonnie Sharram,Open-architected didactic structure,Kids,bsharramir@tripadvisor.com,The Pokrovsky Gates
Vevay Poolton,Multi-lateral solution-oriented core,Industrial,vpooltonis@qq.com,The Coven
Jerri Gamblin,Fully-configurable holistic strategy,Clothing,jgamblinit@mysql.com,Sorority Row
Mallissa Tybalt,Decentralized composite definition,Clothing,mtybaltiv@wordpress.com,Because I Said So
Fanni Scrooby,Automated actuating definition,Health,fscroobyiw@sfgate.com,Dead in Tombstone
Rurik Steen,Self-enabling 6th generation instruction set,Beauty,rsteenix@ucsd.edu,Horrors of Spider Island (Ein Toter Hing im Netz)
Fayina Schankelborg,Organic intangible extranet,Music,fschankelborgiy@answers.com,"Taxing Woman, A (Marusa no onna)"
Lindsay Celes,Total transitional frame,Baby,lcelesj0@aboutads.info,Snow on Tha Bluff
Rosemaria Billham,Balanced user-facing workforce,Games,rbillhamj2@technorati.com,New York Stories
Hurlee Farmiloe,Multi-layered even-keeled knowledge user,Industrial,hfarmiloej4@vk.com,"Rocky Horror Picture Show, The"
Lola Seller,Multi-channelled zero administration application,Jewelery,lsellerj8@feedburner.com,For the Moment
Scott Raselles,Centralized optimal process improvement,Movies,srasellesj9@illinois.edu,Sixty Six
Jocelin Betterton,Robust fresh-thinking orchestration,Games,jbettertonja@oakley.com,Dreamboat
Kelbee Sibbe,Multi-layered 4th generation functionalities,Books,ksibbejb@weebly.com,Americathon
Morton Greig,Ergonomic dynamic synergy,Toys,mgreigjc@google.com.au,Crime and Punishment in Suburbia
Jedidiah Rowcastle,Cross-group context-sensitive budgetary management,Home,jrowcastlejd@oakley.com,Chain of Fools
Ritchie Slite,Organic web-enabled emulation,Movies,rsliteje@imageshack.us,The Dancer
Bartie Grangier,Networked mission-critical support,Clothing,bgrangierjf@usda.gov,Serving Life
Thomasin Lippo,Extended attitude-oriented extranet,Home,tlippojg@addthis.com,Report to the Commissioner
Conn Vannet,Open-source leading edge firmware,Electronics,cvannetji@live.com,Fast Food Nation
Gerry Upcraft,Upgradable bottom-line strategy,Home,gupcraftjk@mtv.com,Memorial Day
Cointon Packington,Business-focused hybrid budgetary management,Automotive,cpackingtonjm@qq.com,D.O.A.
Lancelot Fahy,Compatible human-resource synergy,Books,lfahyjq@bloomberg.com,Ghost World
Ashly Fredi,User-friendly human-resource model,Beauty,afredijs@opensource.org,Karla
Tiffani Ingram,Configurable modular circuit,Kids,tingramju@state.tx.us,"Rocket, The (a.k.a. Maurice Richard)"
Marcel Hebson,Phased background service-desk,Beauty,mhebsonjz@vkontakte.ru,"Green Room, The (a.k.a. Vanishing Fiancee) (La chambre verte)"
Bondon Reimers,Ergonomic user-facing ability,Shoes,breimersk1@people.com.cn,I Never Sang for My Father
Allyson Limpricht,Future-proofed cohesive circuit,Grocery,alimprichtk6@over-blog.com,Harley Davidson and the Marlboro Man
George Whitland,Seamless incremental concept,Electronics,gwhitlandk8@smh.com.au,Pool of London
Meredithe Brampton,Team-oriented hybrid pricing structure,Beauty,mbramptonk9@ibm.com,Female
Kaitlynn Fittall,Balanced background synergy,Jewelery,kfittallkb@w3.org,Where the Boys Are
Virginia Triplett,Switchable 24/7 encryption,Health,vtriplettkc@hc360.com,White Noise 2: The Light
Dulsea Heliot,Progressive system-worthy methodology,Tools,dheliotkf@csmonitor.com,"Eye, The (Gin gwai) (Jian gui)"
Bette-ann Rubinovici,Sharable multi-state hub,Shoes,brubinovicikg@cafepress.com,Lasa y Zabala
Ryon Folshom,Assimilated composite core,Jewelery,rfolshomki@intel.com,Changing Lanes
Terrel Banke,Enterprise-wide 4th generation internet solution,Baby,tbankekj@uiuc.edu,Death Note 2: The Last Name
Aguste Noot,Re-contextualized bifurcated standardization,Health,anootkl@jigsy.com,Shun Li and the Poet
Manuel McCahill,Centralized client-server matrices,Electronics,mmccahillko@phpbb.com,Queen Kelly
Yorgo Grigson,Persevering encompassing website,Grocery,ygrigsonkp@buzzfeed.com,Dead Ringers
Kiley Burgill,Profit-focused needs-based extranet,Home,kburgillkq@wordpress.com,Side Street
Jeri Van Velde,Grass-roots multi-tasking interface,Games,jvankr@xrea.com,Alaska: Spirit of the Wild
Edeline Daniello,Synchronised local database,Books,edanielloks@gmpg.org,"Grace Lee Project, The"
Brynn Bootton,Robust tangible utilisation,Electronics,bboottonku@spotify.com,Here Comes Cookie
Trev Leasor,Profound actuating secured line,Beauty,tleasorky@amazonaws.com,Green Dragon
Josee Passion,Triple-buffered static database,Home,jpassionkz@discuz.net,"Legend of Suram Fortress, The (Ambavi Suramis tsikhitsa) "
Haskel Waliszewski,Enterprise-wide encompassing pricing structure,Grocery,hwaliszewskil0@epa.gov,"Company Men, The"
Lorette Balshen,Proactive asynchronous archive,Games,lbalshenl2@time.com,"Pan's Labyrinth (Laberinto del fauno, El)"
Maureen Titford,Phased fresh-thinking productivity,Baby,mtitfordl3@bigcartel.com,Marion Bridge
Courtenay Copello,Networked analyzing orchestration,Games,ccopellol4@narod.ru,Big City Blues
Reed Janodet,Virtual grid-enabled leverage,Industrial,rjanodetl5@facebook.com,Above Us Only Sky
Arlen Reimer,Exclusive bottom-line time-frame,Movies,areimerl6@springer.com,GasLand
Cesya Iglesias,Adaptive global challenge,Sports,ciglesiasl9@va.gov,Eraserhead
Carlynn Gouldeby,Enhanced transitional system engine,Sports,cgouldebyld@dmoz.org,Lord Jim
Averil Dubock,Down-sized radical projection,Health,adubockli@upenn.edu,Abols Upe
Abigail Shimman,Inverse maximized open architecture,Jewelery,ashimmanll@ox.ac.uk,Buffalo Bill
Ibrahim Falvey,Operative solution-oriented productivity,Movies,ifalveylm@webeden.co.uk,Midnight Man
Norina Grigorini,Synergistic zero defect system engine,Computers,ngrigoriniln@devhub.com,Chaos
Janina Puttnam,Public-key content-based array,Industrial,jputtnamlo@shop-pro.jp,I Am Sam
Barn Abazi,Virtual human-resource installation,Garden,babazilq@hugedomains.com,First Knight
Tana Ianizzi,Reverse-engineered transitional implementation,Music,tianizzilt@php.net,Miracle at St. Anna
Farrand Stockill,Expanded optimal encryption,Tools,fstockilllu@seattletimes.com,Man Facing Southeast (Hombre mirando al sudeste)
Rea Pestridge,Switchable contextually-based approach,Shoes,rpestridgelz@sun.com,"Lovers of the Arctic Circle, The (Los Amantes del Círculo Polar)"
Henrietta Waddilow,Ergonomic optimal artificial intelligence,Games,hwaddilowm0@phpbb.com,The Bronze
Becca Isacke,Vision-oriented clear-thinking implementation,Automotive,bisackem2@wordpress.org,"Flintstones, The"
Alanna Minister,Inverse dynamic extranet,Movies,aministerm5@nsw.gov.au,Hillbillys in a Haunted House
Perl Linforth,Face to face content-based array,Kids,plinforthm6@free.fr,Show Me
Chrisse Storrar,Intuitive real-time orchestration,Games,cstorrarm7@redcross.org,Second Best
Stacee Hanbidge,Seamless clear-thinking approach,Electronics,shanbidgem8@usgs.gov,Zodiac
Shermy Marks,Synergistic intangible instruction set,Beauty,smarksm9@reuters.com,Big Nothing
Sid Pullen,Re-contextualized intangible frame,Books,spullenma@prnewswire.com,American Movie
Ewell Dunnico,Programmable systematic matrices,Books,edunnicomb@google.com.hk,Hitler: The Rise of Evil
Franklyn Fortune,Inverse bottom-line algorithm,Baby,ffortunemd@hp.com,"Animatrix, The"
Nick Hindes,Innovative uniform definition,Automotive,nhindesme@dot.gov,Eyes of a Stranger
Bonita Eckart,Fully-configurable local groupware,Jewelery,beckartmg@sfgate.com,Molly
Pepita Shower,Profound mobile software,Movies,pshowermi@mozilla.com,Reconstruction (Anaparastasi)
Selle MacWhirter,Stand-alone human-resource hub,Industrial,smacwhirtermj@imageshack.us,Just Married
Peterus Farrent,Triple-buffered interactive projection,Beauty,pfarrentml@nba.com,Two for the Seesaw
Jasmine Henzley,Networked coherent adapter,Beauty,jhenzleymm@reddit.com,"Private Lives of Pippa Lee, The"
Derry Ainscough,Monitored eco-centric function,Music,dainscoughmo@xing.com,"Wicker Man, The"
Erwin Fardy,Phased foreground migration,Sports,efardymp@ibm.com,Trek Nation
Angelica Siddons,Streamlined responsive array,Jewelery,asiddonsmq@xinhuanet.com,Retrogade
Morgun Connechy,Diverse discrete instruction set,Tools,mconnechyms@mac.com,"Watch, The"
Bab Summers,Configurable secondary workforce,Kids,bsummersmt@themeforest.net,Manborg
Katey Belcham,Multi-layered static open system,Sports,kbelchammu@diigo.com,Keith
Lorelei Laguerre,Customer-focused national standardization,Garden,llaguerremw@yellowpages.com,Half Light
Skyler Shedd,Secured real-time portal,Games,ssheddmy@ibm.com,Redemption: The Stan Tookie Williams Story
Carroll Garriock,Compatible context-sensitive adapter,Home,cgarriockn0@yelp.com,The Jackie Robinson Story
Karlyn Masse,Distributed 24 hour circuit,Toys,kmassen2@weather.com,"Perfect Man, The"
Vivyanne Turner,Optimized secondary help-desk,Computers,vturnern5@nhs.uk,Balance
Luca Rois,Team-oriented real-time definition,Tools,lroisn7@last.fm,Fire Down Below
Darlleen Maclean,De-engineered hybrid orchestration,Beauty,dmacleann8@abc.net.au,"You, the Living (Du levande)"
Nichols Liles,Upgradable 6th generation installation,Jewelery,nlilesnc@gravatar.com,Anna
Chrissy Dutton,Virtual 5th generation model,Grocery,cduttonnd@nyu.edu,Robot
Yovonnda Paulat,Organic system-worthy paradigm,Clothing,ypaulatnf@vistaprint.com,State of Siege (État de siège)
Mirilla Scamal,Progressive demand-driven synergy,Outdoors,mscamalnh@zdnet.com,IMAX: Coral Reef Adventure
Hayes Mincini,Managed 3rd generation support,Tools,hmincininj@marketwatch.com,Skin Deep
Sasha Riquet,Right-sized composite definition,Shoes,sriquetnl@skyrock.com,1-900
Fannie McKinie,Visionary composite array,Home,fmckinienn@huffingtonpost.com,10th & Wolf
Tye Benedick,Down-sized national process improvement,Baby,tbenedicknq@printfriendly.com,"Roaring Twenties, The"
Carolynn Bitten,Configurable disintermediate ability,Outdoors,cbittennu@nyu.edu,My Dinner with André
Brien Cottis,Face to face contextually-based paradigm,Jewelery,bcottisnw@skype.com,"Triumph of the Nerds, The: The Rise of Accidental Empires"
Stillmann Loseby,Enhanced holistic challenge,Movies,slosebynx@nydailynews.com,Sleepless in Seattle
Hester Whitaker,Operative fresh-thinking algorithm,Sports,hwhitakerny@1und1.de,"Caveman's Valentine, The"
Anya Surman-Wells,Open-architected discrete focus group,Clothing,asurmanwellso2@squarespace.com,"Adjuster, The"
Bent Frossell,User-centric didactic product,Games,bfrossello3@auda.org.au,Johnny Tremain
Rouvin Rableau,Centralized systematic budgetary management,Beauty,rrableauo7@naver.com,Thousands Cheer
Erminie Kropach,Synergized mobile conglomeration,Automotive,ekropachoa@feedburner.com,"Giver, The"
Gelya Allibon,Stand-alone discrete application,Games,gallibonob@godaddy.com,How I Killed My Father (a.k.a. My Father and I) (Comment j'ai tué mon Père)
Ardys O'Feeny,Synergized asymmetric Graphical User Interface,Computers,aofeenyof@nydailynews.com,Wives and Lovers
Grazia McKitterick,Inverse directional system engine,Sports,gmckitterickog@stumbleupon.com,Duelist (Hyeongsa)
Shelton Prantoni,Enterprise-wide holistic service-desk,Outdoors,sprantonioh@tinypic.com,Cheetah
Joane Meeny,Front-line coherent installation,Tools,jmeenyoi@intel.com,Going All the Way
Nikki Vanlint,Business-focused full-range definition,Books,nvanlinton@techcrunch.com,Hell's Highway
Payton Mepham,Optional asynchronous secured line,Automotive,pmephamoo@prweb.com,Zuzu Angel
Dianne O'Doogan,Profit-focused reciprocal matrices,Shoes,dodooganoq@noaa.gov,Prozac Nation
Hugibert Waggitt,Realigned dynamic projection,Tools,hwaggittow@ft.com,"Topo, El"
Florri Soars,Intuitive multi-tasking infrastructure,Industrial,fsoarsox@infoseek.co.jp,Cooperstown
Stan Lintott,Operative context-sensitive core,Industrial,slintottoy@google.nl,"Seeker: The Dark Is Rising, The"
Amargo Danne,Re-contextualized bifurcated moderator,Health,adannep3@pbs.org,Murder on Flight 502
Tucker Scripture,Front-line optimizing instruction set,Books,tscripturep4@theguardian.com,Mon oncle d'Amérique
Shannen Masselin,Extended heuristic local area network,Clothing,smasselinp5@apache.org,Chad Hanna
Madelina McIlraith,Business-focused needs-based secured line,Electronics,mmcilraithp7@live.com,Navajo Joe
Bartholemy Gras,Integrated heuristic protocol,Sports,bgraspb@tripod.com,Carrie
Shir McGurk,Versatile demand-driven project,Industrial,smcgurkpc@chron.com,Anna and the King
Robbi Kissell,Total global conglomeration,Outdoors,rkissellpd@ibm.com,Sunshine
Troy Anfossi,Sharable global portal,Computers,tanfossipe@europa.eu,Mother and Child
Layla Beazey,Enhanced global approach,Garden,lbeazeypf@hp.com,Bachelor Apartment
Brigham MacAdam,Horizontal clear-thinking challenge,Shoes,bmacadampg@webnode.com,"Moon Warriors, The (Zhan shen chuan shuo)"
Berne Aupol,Re-contextualized responsive structure,Computers,baupolpj@nbcnews.com,Powder Room
Rowland Gillison,Face to face discrete utilisation,Shoes,rgillisonpl@fema.gov,G
Brandy Toffoloni,Universal coherent secured line,Electronics,btoffolonipn@shop-pro.jp,"Honest Liar, An"
Darya Reddecliffe,Open-architected analyzing ability,Garden,dreddecliffepo@stumbleupon.com,National Treasure: Book of Secrets
Michel Matskevich,Intuitive hybrid complexity,Toys,mmatskevichpr@utexas.edu,"Fallen Idol, The"
Lutero Le Gassick,Optimized real-time complexity,Jewelery,lleps@nps.gov,Meet Me at the Fair
Zaneta Wemm,Adaptive upward-trending database,Toys,zwemmpt@upenn.edu,Little Monsters
Roman Flasby,Exclusive cohesive algorithm,Games,rflasbypu@reuters.com,"Girl, The"
Gwyneth Beetlestone,Customizable didactic artificial intelligence,Outdoors,gbeetlestonepy@chicagotribune.com,This Means War
Dalis Lisciardelli,Triple-buffered composite open architecture,Toys,dlisciardelliq0@oracle.com,Scoop
Renaldo Lidgate,Business-focused well-modulated hub,Beauty,rlidgateq2@fema.gov,Aliens in the Attic
Gunilla Ellyatt,Face to face client-server strategy,Automotive,gellyattq5@simplemachines.org,Captain EO
Lizbeth Tomanek,Profit-focused tertiary definition,Beauty,ltomanekq6@meetup.com,Way... Way Out
Richy Winspar,Fundamental logistical leverage,Games,rwinsparqg@cbslocal.com,Splitting Heirs
Kristi Manvell,Exclusive exuding solution,Industrial,kmanvellqh@edublogs.org,Agora
Agosto Weildish,Virtual modular circuit,Industrial,aweildishqi@discovery.com,Twice Upon a Time
Janette Meininger,Vision-oriented zero defect capacity,Home,jmeiningerqk@cam.ac.uk,Bang the Drum Slowly
Wilek Adamiak,Synchronised optimal hub,Garden,wadamiakqp@ocn.ne.jp,She Wouldn't Say Yes
Whitman Paxforde,Focused value-added monitoring,Industrial,wpaxfordeqr@rakuten.co.jp,Under the Cherry Moon
Maude Mattaser,Cloned systematic product,Computers,mmattaserqs@washingtonpost.com,Bully
Sid Sarton,Universal even-keeled firmware,Industrial,ssartonqt@berkeley.edu,RoboCop 2
Wolf Nanninini,Intuitive motivating matrices,Home,wnannininiqz@usgs.gov,Cool Air
Cthrine Rutland,Stand-alone full-range policy,Music,crutlandr0@state.tx.us,"Public Eye, The"
Ariadne Reimers,Focused asymmetric encryption,Clothing,areimersr1@mlb.com,Miss Nobody
Babb Luis,Organic national matrix,Baby,bluisr3@barnesandnoble.com,"""Great Performances"" Cats"
Wadsworth Tym,Function-based context-sensitive neural-net,Computers,wtymr4@craigslist.org,The Last Time I Saw Macao
Thorpe Goomes,Sharable client-server portal,Music,tgoomesr5@unc.edu,Danton
Kip Menci,Function-based fresh-thinking methodology,Garden,kmencir8@drupal.org,Better This World
Adelbert Deveril,Synergized dynamic middleware,Clothing,adeverilrb@hao123.com,Evil Under the Sun
Clarissa Gosswell,Future-proofed context-sensitive array,Industrial,cgosswellrc@apache.org,The Cruel Sea
Maximilian Dunphy,Ameliorated optimizing matrix,Automotive,mdunphyrd@printfriendly.com,"Worthless, The (Arvottomat)"
Rosy O'Clery,Programmable modular artificial intelligence,Toys,rocleryre@printfriendly.com,To Rome with Love
Boonie Shew,Re-contextualized foreground implementation,Electronics,bshewri@hp.com,Vamp
Rorke Keeley,Realigned neutral solution,Garden,rkeeleyrj@harvard.edu,Driving Miss Daisy
Mahmoud Yair,Fundamental system-worthy utilisation,Garden,myairrk@senate.gov,Killer's Kiss
Janette Minkin,Digitized asynchronous support,Outdoors,jminkinrl@amazon.de,"Interrupters, The"
Killie Rodriguez,Team-oriented well-modulated capability,Home,krodriguezrm@typepad.com,Uncommon Valor
Clarinda Coop,Fully-configurable modular projection,Books,ccoopro@microsoft.com,Man to Man
Sascha Freeth,Open-source systemic Graphic Interface,Movies,sfreethrp@smh.com.au,Caught Inside