Reynold Wein,Monitored eco-centric pricing structure,Automotive,rwein2@sphinn.com,"Muriel, or The Time of Return (Muriel ou Le temps d'un retour)"
Valma Rouke,Balanced coherent model,Beauty,vrouke4@ifeng.com,Abbott and Costello Meet the Mummy
Wilhelmine Bearn,Organized incremental project,Grocery,wbearn7@etsy.com,Fire in the Blood
Robenia Savory,Compatible explicit solution,Toys,rsavory9@goodreads.com,Tears of the Black Tiger (Fah talai jone)
Patricio Wallice,Business-focused 24/7 database,Clothing,pwallicec@imgur.com,Vampires Suck
Bucky Skipton,Polarised tangible paradigm,Games,bskiptond@umich.edu,Prom Queen: The Marc Hall Story
Elset Chillistone,Realigned leading edge firmware,Industrial,echillistonee@jimdo.com,Microcosmos (Microcosmos: Le peuple de l'herbe)
Kippar Tunnadine,Cloned fresh-thinking definition,Toys,ktunnadineg@instagram.com,"Woman Is a Woman, A (femme est une femme, Une)"
Giustino Roarty,Balanced mission-critical superstructure,Computers,groartyj@aol.com,Prime Suspect 2
Garfield Dysart,Up-sized clear-thinking alliance,Home,gdysartl@bigcartel.com,Ten Seconds to Hell
Gwendolyn Limpricht,Sharable full-range core,Shoes,glimprichtm@acquirethisname.com,Inseparable
Charlie Geddis,Adaptive transitional circuit,Electronics,cgeddiso@blogspot.com,Come Live with Me
Elysia Souch,Open-source asymmetric solution,Games,esouchq@multiply.com,Willie & Phil
Fallon Durbyn,Extended motivating middleware,Kids,fdurbyns@fotki.com,Collision Course
Kenny Goudard,User-friendly next generation analyzer,Tools,kgoudardt@weather.com,"January Man, The"
Paxon Woolmington,Digitized 4th generation task-force,Industrial,pwoolmingtonv@list-manage.com,The Longest Week
Mord Kenrick,Open-source regional conglomeration,Tools,mkenrick11@github.com,Tatie Danielle
Laurena Zorener,Down-sized executive encoding,Garden,lzorener13@buzzfeed.com,Shaolin Wooden Men (Shao Lin mu ren xiang)
Norbert Bollin,Proactive heuristic knowledge user,Automotive,nbollin16@google.com.au,"Dancer, Texas Pop. 81"
Dael Brehat,Upgradable zero tolerance paradigm,Jewelery,dbrehat17@t-online.de,Men of Respect
Perrine Service,Cross-platform national model,Tools,pservice1a@google.co.jp,Eastwood on Eastwood
Magdalene Coltman,Managed background implementation,Home,mcoltman1c@tripod.com,"Return of the Pink Panther, The"
Luz Shortall,Centralized foreground strategy,Computers,lshortall1e@tmall.com,American Pop
Stearne Ducker,Phased empowering extranet,Automotive,sducker1f@hubpages.com,"Streetcar Named Desire, A"
Roman Boch,Robust heuristic orchestration,Outdoors,rboch1j@behance.net,"Rising Place, The"
Livvyy Olivier,Multi-tiered radical utilisation,Movies,lolivier1m@ucla.edu,Female Trouble
Steffie Rapo,Future-proofed 24 hour budgetary management,Computers,srapo1n@drupal.org,Bonnie and Clyde
Amelita Ximenez,Optional well-modulated system engine,Toys,aximenez1o@exblog.jp,P.S. Your Cat is Dead
Jocelin Yvens,Networked even-keeled contingency,Sports,jyvens1p@telegraph.co.uk,Devil's Doorway
Carroll Francis,Synchronised holistic groupware,Music,cfrancis1q@elegantthemes.com,White Mischief
Tania Licquorish,Fundamental 6th generation flexibility,Music,tlicquorish1r@github.com,Raising Helen
Harri Crowter,Implemented systematic archive,Industrial,hcrowter1s@devhub.com,Enemy
Jilly Blogg,Managed foreground standardization,Sports,jblogg1t@blinklist.com,Jagged Edge
Maura Lengthorn,Stand-alone stable function,Games,mlengthorn1u@google.com.au,The Fat Spy
Iggie Bradley,Organized discrete collaboration,Grocery,ibradley1y@nasa.gov,Darling
Eloisa Rubinovitsch,Managed national initiative,Industrial,erubinovitsch20@wp.com,PAY 2 PLAY: Democracy's High Stakes
Harp Sawkin,Reactive explicit time-frame,Kids,hsawkin21@vimeo.com,High Fidelity
Perkin Midlane,Stand-alone systemic synergy,Electronics,pmidlane22@prnewswire.com,A Most Violent Year
Sansone Float,Integrated user-facing standardization,Home,sfloat23@ocn.ne.jp,Pearls and Pigs (Helmiä ja sikoja)
Garwood Zuppa,Robust asynchronous budgetary management,Industrial,gzuppa25@squidoo.com,Summer Heights High
Terese Karmel,Cloned discrete workforce,Home,tkarmel26@tuttocitta.it,"Spring, Summer, Fall, Winter... and Spring (Bom yeoreum gaeul gyeoul geurigo bom)"
Faun Chifney,Optimized coherent success,Toys,fchifney28@statcounter.com,The House on 56th Street
Cathi Riggoll,Integrated optimal website,Health,criggoll2c@baidu.com,Ride the Pink Horse
Carie Grabbam,Managed client-driven extranet,Toys,cgrabbam2d@discovery.com,Princesas
Alwin Dmych,Inverse secondary framework,Home,admych2e@edublogs.org,We Steal Secrets: The Story of WikiLeaks
Claudian Crossan,Sharable encompassing forecast,Baby,ccrossan2j@moonfruit.com,"Civil Action, A"
Wally Le Houx,Customizable 24/7 framework,Garden,wle2n@artisteer.com,Where a Good Man Goes (Joi gin a long)
Phyllis Osinin,Reactive optimal complexity,Games,posinin2o@ocn.ne.jp,Chocolat
Torry Standering,Business-focused bandwidth-monitored implementation,Toys,tstandering2p@barnesandnoble.com,Kaksparsh
Francis Wylie,Organic secondary focus group,Sports,fwylie2s@com.com,Superpower
Lorant Torald,Adaptive client-driven architecture,Tools,ltorald2t@ed.gov,"Fifth Commandment, The"
Ward Poure,Expanded non-volatile hardware,Clothing,wpoure2u@gov.uk,Chimes at Midnight (Campanadas a medianoche)
Isidore Leavry,Multi-tiered zero administration conglomeration,Grocery,ileavry2w@aol.com,"Girl of Your Dreams, The (Niña de tus ojos, La)"
Randie Guye,Secured tangible structure,Home,rguye2z@foxnews.com,In the House
Drucie Gunnell,Synchronised solution-oriented website,Music,dgunnell30@phpbb.com,Do Fish Do It? (Fickende Fische)
Michelle Camin,Horizontal motivating Graphical User Interface,Kids,mcamin32@i2i.jp,Earth to Echo
Gothart Tregidga,Customizable content-based service-desk,Toys,gtregidga37@yahoo.co.jp,Your Vice is a Locked Room and Only I Have the Key
Park Baszniak,Extended tertiary flexibility,Toys,pbaszniak3b@edublogs.org,Feast III: The Happy Finish
Joellen Donaldson,Innovative zero tolerance task-force,Movies,jdonaldson3i@photobucket.com,About Schmidt
Constantine Tarney,Streamlined secondary forecast,Toys,ctarney3j@cnet.com,Nina Takes a Lover
Ariela Ricart,Public-key bandwidth-monitored throughput,Health,aricart3m@tripadvisor.com,I Am Curious (Blue) (Jag är nyfiken - en film i blått)
Flor Souness,Monitored intermediate synergy,Music,fsouness3o@friendfeed.com,Des gens qui s'embrassent
Conant Carson,Intuitive executive internet solution,Outdoors,ccarson3p@omniture.com,Pretty/Handsome
Birch Pasquale,Adaptive bi-directional customer loyalty,Tools,bpasquale3q@dot.gov,Anaconda
Antonino Bulpitt,Open-architected multi-state analyzer,Garden,abulpitt3r@scribd.com,"Lady and the Duke, The (Anglaise et le duc, L')"
Burtie Doe,Function-based radical monitoring,Books,bdoe3t@washington.edu,"Brief History of Time, A"
Irene Wiz,Reverse-engineered 6th generation strategy,Outdoors,iwiz3v@bizjournals.com,Party Girl
Feodor Pedrocco,Face to face foreground conglomeration,Automotive,fpedrocco3w@sohu.com,Yu-Gi-Oh!: Bonds Beyond Time (Gekijouban Yuugiou: Chouyuugou! Jikuu o koeta kizuna)
Kelly Suggett,Synergistic methodical infrastructure,Computers,ksuggett3z@nydailynews.com,Good Neighbours (a.k.a. Good Neighbors)
Angelia Schimon,Universal global function,Computers,aschimon43@time.com,Black Death
Farica Mayfield,Exclusive well-modulated open system,Automotive,fmayfield46@china.com.cn,Hamlet
Tuckie Siney,Re-engineered systemic hierarchy,Home,tsiney47@youku.com,Othello
Cyrillus Raylton,Ameliorated contextually-based customer loyalty,Toys,craylton48@imageshack.us,American Dreams in China
Clerc McCall,Multi-lateral fresh-thinking software,Sports,cmccall49@hao123.com,Aladdin
Winthrop Lieber,Balanced real-time groupware,Sports,wlieber4b@gnu.org,Four Flies on Grey Velvet
Cinderella Lewnden,Persevering explicit task-force,Baby,clewnden4d@narod.ru,Clean and Sober
Verna Thibodeaux,Polarised dynamic model,Health,vthibodeaux4g@wufoo.com,Sicily! (Sicilia!)
Hermon O'Leahy,Devolved interactive artificial intelligence,Sports,holeahy4i@facebook.com,Brokedown Palace
Bethanne Cahill,Function-based actuating algorithm,Kids,bcahill4k@weather.com,The Raid
Salmon Sleford,Fundamental modular emulation,Kids,ssleford4l@nba.com,Death of a Salesman
Fons Hollow,De-engineered tangible application,Games,fhollow4m@businessinsider.com,"Lineup, The"
Donavon De La Salle,Mandatory homogeneous encoding,Kids,dde4n@pinterest.com,"Krakatoa, East of Java"
Frants Dilks,Persistent 5th generation structure,Clothing,fdilks4p@aol.com,The Love Machine
Bryna Polsin,Programmable fresh-thinking concept,Computers,bpolsin4q@dailymotion.com,Once Upon a Time in Mexico
Charmine Steeden,Streamlined empowering collaboration,Shoes,csteeden4u@arstechnica.com,"Red Balloon, The (Ballon rouge, Le)"
Lesley Gimson,Organic leading edge focus group,Garden,lgimson4z@slashdot.org,For Neda
Quintin Lebarree,Extended 3rd generation neural-net,Books,qlebarree50@pbs.org,Dial 1119
Elfrida Hurburt,Synchronised hybrid paradigm,Automotive,ehurburt51@kickstarter.com,For Those in Peril
Brocky Gabler,Multi-lateral transitional migration,Industrial,bgabler57@altervista.org,"Housekeeper, The (femme de ménage, Une)"
Katusha Ros,Function-based global Graphical User Interface,Home,kros59@163.com,Welcome Farewell-Gutmann (Bienvenido a Farewell-Gutmann)
Alysia Wittleton,Up-sized eco-centric secured line,Electronics,awittleton5a@last.fm,"Rich, Young and Pretty"
Flor Van Halen,Integrated 4th generation workforce,Tools,fvan5d@tripod.com,"Garden of Allah, The"
Aurilia Fidgin,Automated high-level matrices,Electronics,afidgin5f@com.com,"Good Morning, Babylon"
Dix Hallyburton,Balanced global artificial intelligence,Music,dhallyburton5h@dailymail.co.uk,June 9
Julie Catcheside,Implemented context-sensitive knowledge base,Baby,jcatcheside5i@bloomberg.com,When Marnie Was There
Christophorus Van De Cappelle,Secured contextually-based extranet,Clothing,cvan5j@europa.eu,No Looking Back
Corney Travers,Face to face dedicated model,Garden,ctravers5k@unesco.org,Crockdale
Vinni Korf,Multi-tiered full-range contingency,Music,vkorf5l@taobao.com,West of Zanzibar
Averyl Flaherty,Fundamental radical support,Baby,aflaherty5m@de.vu,Cousinhood (Primos)
Niki Dailey,Vision-oriented attitude-oriented moratorium,Computers,ndailey5n@uol.com.br,Burt's Buzz
Raynor Worpole,Multi-layered grid-enabled groupware,Clothing,rworpole5p@51.la,Deathdream (a.k.a. Dead of Night)
Katha Tewelson,Managed intermediate hardware,Movies,ktewelson5r@google.fr,The Grump
Bill Cokly,Team-oriented value-added flexibility,Movies,bcokly5t@slashdot.org,Is the Man Who Is Tall Happy?
Britta Lackeye,Horizontal solution-oriented middleware,Toys,blackeye5y@opera.com,Mickey One
Lilla Greenhouse,Function-based scalable intranet,Tools,lgreenhouse5z@xinhuanet.com,"House of Yes, The"
Hinda De Michetti,Front-line logistical orchestration,Grocery,hde60@howstuffworks.com,"Great Ecstasy of Robert Carmichael, The"
Cole Blackie,Grass-roots foreground algorithm,Outdoors,cblackie63@ovh.net,Benigni
Tootsie Atling,Extended object-oriented projection,Garden,tatling65@desdev.cn,Satan's Tango (Sátántangó)
Othelia Udell,Exclusive global core,Tools,oudell68@altervista.org,Madame Satã
Lauren Capron,Object-based motivating conglomeration,Baby,lcapron6a@networkadvertising.org,In Their Sleep (Dans ton sommeil)
Bryn Brithman,Multi-tiered tertiary strategy,Jewelery,bbrithman6b@163.com,Jesus liebt mich
Hi Daybell,Enterprise-wide empowering website,Shoes,hdaybell6e@mapy.cz,"Fox, The"
Britte Mullen,Switchable bifurcated knowledge base,Electronics,bmullen6g@discovery.com,The Wild Bunch: An Album in Montage
Antoine Siley,Horizontal attitude-oriented methodology,Music,asiley6i@baidu.com,Captains Courageous
Byram Duval,Persistent multi-tasking migration,Sports,bduval6o@sciencedirect.com,"Prowler, The"
Padraic Moughton,Persevering dedicated application,Sports,pmoughton6q@last.fm,"Positively True Adventures of the Alleged Texas Cheerleader-Murdering Mom, The"
Florance Stewart,Polarised responsive data-warehouse,Music,fstewart6r@cdc.gov,Ticker
Stacie Dowdle,Advanced full-range website,Jewelery,sdowdle6t@networkadvertising.org,I Origins
Kinnie Reid,Fundamental contextually-based migration,Tools,kreid6u@rakuten.co.jp,White Mane (Crin blanc: Le cheval sauvage)
Phillip Avieson,Profit-focused zero administration customer loyalty,Movies,pavieson6w@census.gov,Schmatta: Rags to Riches to Rags
Sonni Geratt,Open-source human-resource project,Sports,sgeratt6x@webnode.com,X-Men: The Last Stand
Mommy Sonley,Vision-oriented responsive leverage,Computers,msonley6z@skype.com,Chocolat
Tristam Hickford,Robust static frame,Jewelery,thickford70@yellowpages.com,"Union: The Business Behind Getting High, The"
Joellen Pluck,User-centric tangible throughput,Shoes,jpluck72@seesaa.net,Paradise
Bil Calwell,Total bandwidth-monitored core,Baby,bcalwell74@imgur.com,Pauline at the Beach (Pauline à la Plage)
Leonidas McKinnell,Horizontal intangible task-force,Grocery,lmckinnell75@parallels.com,Leprechaun 2
Sid Kears,Decentralized client-server info-mediaries,Toys,skears77@vk.com,Me and Morrison (Minä ja Morrison)
Daryl Ingolotti,Fully-configurable composite structure,Books,dingolotti79@webmd.com,Three Kingdoms: Resurrection of the Dragon (Saam gwok dzi gin lung se gap)
Gerald Kierans,Future-proofed zero defect interface,Books,gkierans7d@geocities.com,Rage (Rabia)
Ignatius Ors,Re-contextualized executive protocol,Clothing,iors7f@simplemachines.org,Black Knight
Lothaire Madill,Secured motivating hierarchy,Toys,lmadill7h@shop-pro.jp,Munich
Glennie Pomeroy,Function-based client-server focus group,Jewelery,gpomeroy7j@abc.net.au,Cold Turkey
Clarisse Bacop,Multi-channelled disintermediate Graphical User Interface,Garden,cbacop7l@jalbum.net,Crawlspace
Oby Bernardelli,Open-architected local product,Industrial,obernardelli7n@icq.com,Who Killed Vincent Chin?
Trisha Kuhle,Automated directional conglomeration,Home,tkuhle7p@skype.com,Life Is Beautiful (La Vita è bella)
Waldon Fladgate,Robust systemic conglomeration,Movies,wfladgate7u@4shared.com,"Mudlark, The"
Demetrius Canwell,Profit-focused upward-trending secured line,Grocery,dcanwell7v@tamu.edu,"Boob, The"
Deanne Mathieson,Re-contextualized 6th generation task-force,Shoes,dmathieson7w@seesaa.net,"Guy Named Joe, A"
Michaella MacCurtain,Future-proofed homogeneous frame,Toys,mmaccurtain80@hp.com,Palindromes
Lydia Heaney`,Managed eco-centric complexity,Computers,lheaney81@npr.org,V. I. Warshawski
Rosaleen Rizzello,Pre-emptive mobile synergy,Music,rrizzello82@accuweather.com,Simon Magus
Trevar Harriot,Automated methodical capacity,Outdoors,tharriot84@webs.com,Life According to Sam
Melessa McRill,Enhanced responsive middleware,Industrial,mmcrill85@ft.com,"Red Pony, The"
Stillman Pucker,Implemented grid-enabled model,Tools,spucker88@parallels.com,Sleeping with Other People
Sinclare Bradnum,Programmable encompassing model,Toys,sbradnum8c@sciencedirect.com,Epic Movie
Luce Jolliffe,Compatible neutral groupware,Baby,ljolliffe8d@bbc.co.uk,Billy Jack
Malissia McLaverty,Switchable client-server attitude,Music,mmclaverty8e@ox.ac.uk,"Golden Compass, The"
Cthrine Edney,User-centric fault-tolerant utilisation,Music,cedney8f@pagesperso-orange.fr,Eaten Alive
Rustie Bavin,Vision-oriented systemic utilisation,Industrial,rbavin8h@businesswire.com,Peanuts - Die Bank zahlt alles
Hall Giovannacc@i,Optional neutral challenge,Computers,hgiovannacci8i@samsung.com,Inside: 'Dr. Strangelove or How I Learned to Stop Worrying and Love the Bomb'
Gian Tabourel,Monitored fresh-thinking moderator,Automotive,gtabourel8k@nba.com,Carancho
Shellie Treanor,Profit-focused solution-oriented ability,Automotive,streanor8l@xing.com,Monte Carlo
Dael Metschke,Adaptive transitional access,Grocery,dmetschke8p@edublogs.org,"War of the Roses, The"
Rafaellle Tillman,Fully-configurable multimedia matrices,Industrial,rtillman8s@wikipedia.org,"Fistful of Fingers, A"
Andrea Miranda,Optimized eco-centric collaboration,Outdoors,amiranda8t@about.com,Bachelor Party
Rhody Warfield,Extended coherent benchmark,Music,rwarfield8u@huffingtonpost.com,Rosewood
Palm Mandell,Programmable non-volatile open system,Tools,pmandell8w@newsvine.com,See What I'm Saying: The Deaf Entertainers Documentary
Jammal Bealing,Automated holistic database,Games,jbealing8z@google.fr,Kapitalism: Our Improved Formula (Kapitalism - Reteta noastra secreta)
Bibi Kester,Virtual value-added help-desk,Jewelery,bkester90@yale.edu,Switchblade Sisters
Melisande Farrimond,Distributed intermediate installation,Home,mfarrimond92@infoseek.co.jp,"Killer Shrews, The"
Tressa Edgeson,Visionary leading edge system engine,Movies,tedgeson93@tamu.edu,Tom & Thomas
Effie Stiff,Switchable asynchronous budgetary management,Automotive,estiff97@answers.com,Bob & Carol & Ted & Alice
Nomi Stiant,Focused bottom-line customer loyalty,Kids,nstiant9a@nps.gov,Gaslight
Sherie Haquard,Pre-emptive client-driven matrices,Beauty,shaquard9e@uiuc.edu,"Last Metro, The (Dernier métro, Le)"
Alis Vogeller,Cross-group clear-thinking synergy,Tools,avogeller9f@delicious.com,Girl with Green Eyes
Dyan Venard,Stand-alone incremental website,Grocery,dvenard9m@rediff.com,Family Tree (L'arbre et la forêt)
Rossie Cockshtt,De-engineered motivating matrix,Industrial,rcockshtt9o@deviantart.com,"Sticky Fingers of Time, The"
Eberhard Markova,Universal attitude-oriented algorithm,Toys,emarkova9p@salon.com,Beautiful Girls
Prudence Storrier,Virtual composite focus group,Games,pstorrier9q@t-online.de,"Purple Gang, The"
Rafael Camplin,Expanded zero tolerance policy,Clothing,rcamplin9x@apple.com,"River Called Titas, A (Titash Ekti Nadir Naam)"
Margaret Copland,Re-contextualized secondary monitoring,Outdoors,mcopland9y@naver.com,Rhythm of a Crime (Ritam zlocina)
Raquel Moden,Progressive actuating contingency,Shoes,rmoden9z@blogs.com,"Marrying Kind, The"
Ginevra Kindleside,Innovative context-sensitive infrastructure,Automotive,gkindlesidea0@blinklist.com,Tuesdays with Morrie
Dicky McCreery,Function-based fault-tolerant benchmark,Kids,dmccreerya3@lycos.com,Evil - In the Time of Heroes (To kako - Stin epohi ton iroon)
Leanora Gaskal,Configurable background superstructure,Garden,lgaskala4@mapy.cz,Marked Woman
Andrew Scandred,User-friendly clear-thinking workforce,Health,ascandreda7@usnews.com,Kill the Irishman
Bryon Bodill,Balanced dynamic groupware,Computers,bbodillab@apple.com,"Cougars, Inc."
Berti Pieche,Distributed zero tolerance installation,Clothing,bpiechead@myspace.com,Map of the Sounds of Tokyo
Tripp Callingham,Focused motivating core,Books,tcallinghamaj@discuz.net,"Cage aux Folles II, La"
Aindrea Prozillo,Enterprise-wide full-range process improvement,Shoes,aprozilloal@fc2.com,"Other Son, The (Fils de l'autre, Le)"
Meriel Parnaby,Seamless bottom-line core,Home,mparnabyan@mapquest.com,Abouna
Rudie Milmore,Multi-lateral tangible throughput,Industrial,rmilmoreap@buzzfeed.com,Spinning Boris
Sharla Wheatcroft,Adaptive asynchronous installation,Books,swheatcroftaq@bing.com,"Mask, The"
Artair Veld,Sharable analyzing customer loyalty,Industrial,aveldar@g.co,Star Trek VI: The Undiscovered Country
Eleonore Paley,Vision-oriented 4th generation knowledge user,Games,epaleyas@google.com,Speak
Melva Illiston,Seamless methodical service-desk,Books,millistonau@ezinearticles.com,Restless Blood (Levoton veri)
Lin Jaynes,Proactive bandwidth-monitored software,Sports,ljaynesav@is.gd,"3 Rooms of Melancholia, The (Melancholian 3 huonetta)"
Vincents Butfield,Fundamental coherent matrix,Baby,vbutfieldaw@loc.gov,Seven Sinners
Merwyn Abbatt,Cloned exuding matrix,Electronics,mabbattb0@live.com,Moonwalker
Joshia Dunbleton,Enterprise-wide composite archive,Beauty,jdunbletonb1@jimdo.com,Arthur and the Invisibles
Ronni Vanyatin,Virtual optimal flexibility,Clothing,rvanyatinb3@nationalgeographic.com,Expelled: No Intelligence Allowed
Bryn Thuillier,Intuitive responsive intranet,Health,bthuillierb6@networkadvertising.org,Contact
Sam Mellers,Up-sized exuding success,Tools,smellersb9@jalbum.net,Show People
Elvera Lawday,Pre-emptive well-modulated methodology,Shoes,elawdayba@auda.org.au,Flawless
Sayre Playdon,Ergonomic dedicated installation,Books,splaydonbb@google.com,Wyatt Earp
Bret Figin,Focused local attitude,Beauty,bfiginbf@cdbaby.com,"Mother, I Love You"
Adela Giddy,Face to face multi-tasking migration,Jewelery,agiddybg@cdbaby.com,"Blue Light, The (Blaue Licht, Das)"
Donn Adrien,Open-architected even-keeled groupware,Toys,dadrienbi@rambler.ru,The Flower
Hermon Lewzey,Reactive secondary initiative,Toys,hlewzeybj@ask.com,Gleaming the Cube
Germain Swyne,Universal multimedia focus group,Home,gswynebk@reference.com,"Young Philadelphians, The"
Clemens Suscens,Open-architected background moratorium,Jewelery,csuscensbn@wordpress.com,Inbetween Worlds
Ham Guilliatt,Seamless regional project,Music,hguilliattbo@arizona.edu,Future by Design
Calida Lorenc,Open-source homogeneous firmware,Sports,clorencbq@squidoo.com,Code Name: The Cleaner
Camel Tomblett,Re-engineered 4th generation infrastructure,Industrial,ctomblettbr@shareasale.com,Demon Wind
Evey Hoble,Intuitive zero tolerance capability,Home,ehoblec0@xinhuanet.com,Rock & Rule
Elle Gridley,Re-engineered regional migration,Outdoors,egridleyc1@google.ca,"Alarmist, The (a.k.a. Life During Wartime)"
Kiri Pavkovic,Innovative bottom-line open architecture,Automotive,kpavkovicc2@miitbeian.gov.cn,The Menacing Eye
Neal Abernethy,Compatible dynamic knowledge base,Industrial,nabernethyc6@tinypic.com,Ju-on: The Curse
Celia Nono,Profound well-modulated functionalities,Electronics,cnonoc7@marketwatch.com,"Regular Lovers (Amants réguliers, Les)"
Alard Niemiec,Cross-platform scalable firmware,Toys,aniemiecc9@t.co,"Devil's Double, The"
Susanne Boath,Phased dedicated customer loyalty,Health,sboathce@is.gd,Two Sisters from Boston
Fae Greenin,Polarised regional middleware,Shoes,fgreenincf@jimdo.com,Shadow Warriors 2 (Assault on Devil's Island)
Budd Diggell,Cross-platform bi-directional toolset,Baby,bdiggellci@domainmarket.com,Jerusalema (Gangster's Paradise: Jerusalema)
Orelee Venables,Fully-configurable well-modulated focus group,Garden,ovenablescj@usnews.com,Silmido
Kirsteni Oylett,Decentralized background database,Home,koylettck@examiner.com,Man in the Saddle
Zebadiah Ditty,Profound multimedia challenge,Computers,zdittycl@google.com.hk,Shepherd
Fred Paulucci,Organized heuristic frame,Home,fpauluccicm@facebook.com,"Rich Man's Wife, The"
Barbara Lumsdale,Innovative mobile productivity,Shoes,blumsdalecq@huffingtonpost.com,Dance of the Dead
Lynnett Drage,Persevering neutral circuit,Books,ldragecs@sogou.com,Scandali nudi
Hunter Vasyushkhin,Secured real-time info-mediaries,Sports,hvasyushkhinct@auda.org.au,Collateral
Barbabra Cottom,Customizable optimal functionalities,Beauty,bcottomcw@intel.com,"Prize of Peril, The (Prix du danger, Le)"
Gilbertina Tilne,Public-key bandwidth-monitored toolset,Sports,gtilnecx@twitpic.com,Wendigo
Estevan Chatell,Cloned user-facing paradigm,Shoes,echatellcy@domainmarket.com,Broken Arrow
Neill Khrishtafovich,Visionary well-modulated concept,Computers,nkhrishtafovichcz@123-reg.co.uk,Hotline
Peg Dunstone,Object-based dynamic access,Outdoors,pdunstoned0@aboutads.info,Down to Earth
Jaime Pelos,Self-enabling tangible forecast,Garden,jpelosd3@wordpress.org,Luke and Lucy: The Texas Rangers (Suske en Wiske: De Texas rakkers)
Marrilee Launder,Persevering content-based frame,Music,mlaunderda@ask.com,Crimes of Passion
Siouxie Senechell,Advanced solution-oriented knowledge base,Automotive,ssenechelldb@discuz.net,"Iron Giant, The"
Craggie Goldthorpe,Enterprise-wide stable throughput,Automotive,cgoldthorpede@scientificamerican.com,Woman of the Year
Joycelin Rewbottom,Innovative mobile contingency,Beauty,jrewbottomdf@google.de,Teenagers from Outer Space
Northrup Caghy,Sharable scalable collaboration,Electronics,ncaghydh@google.com.br,Inn of Evil (Inochi bô ni furô)
Ronda Somerbell,Fully-configurable scalable portal,Books,rsomerbelldi@posterous.com,Spring Subway
Pippa Laflin,Monitored bandwidth-monitored firmware,Games,plaflindj@amazon.com,Zatoichi on the Road (Zatôichi kenka-tabi) (Zatôichi 5)
Irvin Beamish,Devolved actuating architecture,Home,ibeamishdm@networksolutions.com,"Secret Six, The"
Rollin MacKeller,Mandatory bottom-line intranet,Movies,rmackellerdp@biglobe.ne.jp,Bloody Angels (1732 Høtten: Marerittet har et postnummer)
Janot Moorhouse,Programmable radical approach,Garden,jmoorhousedq@unesco.org,"Autumn Heart, The"
Matty McVrone,Upgradable foreground matrices,Sports,mmcvronedt@woothemes.com,Somebody Up There Likes Me
Katie Selwyn,Object-based 6th generation customer loyalty,Beauty,kselwyndv@amazonaws.com,Three Kingdoms: Resurrection of the Dragon (Saam gwok dzi gin lung se gap)
Johnath Akenhead,Customizable didactic budgetary management,Home,jakenheaddw@ibm.com,For Love of Ivy
Janaya Sparshutt,Implemented radical access,Grocery,jsparshuttdz@4shared.com,Snake Eyes
Binnie Nettles,Synergistic leading edge open system,Electronics,bnettlese0@cornell.edu,"Red Elvis, The (Der rote Elvis)"
Regan Faley,Adaptive static task-force,Electronics,rfaleye1@shareasale.com,Black Christmas
Sasha Sture,Focused exuding conglomeration,Home,ssturee2@reuters.com,David Cross: The Pride Is Back
Livvy Houdhury,Focused 5th generation definition,Garden,lhoudhurye6@sakura.ne.jp,Lethal Weapon 3
Elwyn Pettyfer,Customizable zero administration solution,Grocery,epettyfere7@smugmug.com,Kinky Boots
Filia Pimblotte,Innovative optimal local area network,Shoes,fpimblotteec@networkadvertising.org,America the Beautiful 2: The Thin Commandments
Durant Akid,Assimilated transitional portal,Automotive,dakidee@nyu.edu,Gone in 60 Seconds
Bondon Vost,Reverse-engineered multi-tasking conglomeration,Tools,bvostef@dedecms.com,A Gathering of Eagles
Charita Bolstridge,Quality-focused uniform pricing structure,Music,cbolstridgeeg@printfriendly.com,Greaser's Palace
Diana Puncher,Re-engineered global firmware,Toys,dpunchereh@oaic.gov.au,Begone Dull Care
Hirsch Hampe,Pre-emptive actuating system engine,Beauty,hhampeej@forbes.com,"Whole Night, A (Toute une nuit)"
Janel Durkin,Customer-focused tertiary algorithm,Games,jdurkinek@angelfire.com,Wheelmen
Thom Jacobowits,Down-sized multimedia superstructure,Toys,tjacobowitsen@photobucket.com,"Edge of Heaven, The (Auf der anderen Seite)"
Julieta Mangion,Organized modular ability,Books,jmangioner@statcounter.com,Ollie Hopnoodle's Haven of Bliss
Val Odhams,Seamless upward-trending time-frame,Garden,vodhamset@parallels.com,Phantom of the Rue Morgue
Rob Yashaev,Configurable regional orchestration,Electronics,ryashaeveu@gizmodo.com,Little Secrets
Kearney Friman,Right-sized human-resource matrix,Toys,kfrimanev@howstuffworks.com,"Haunting of Molly Hartley, The"
Ingrim Twinborough,Centralized directional extranet,Kids,itwinboroughf1@qq.com,State Fair
Sylas Novik,Grass-roots clear-thinking extranet,Industrial,snovikf2@prnewswire.com,"Samouraï, Le (Godson, The)"
Eran Skakunas,Programmable needs-based infrastructure,Sports,eskakunasf3@com.com,Paid in Full
Henka McElvine,Reactive executive solution,Shoes,hmcelvinef4@cnbc.com,"Manzanar Fishing Club, The"
Rubina Deesly,Centralized solution-oriented matrix,Electronics,rdeeslyf8@comsenz.com,Recollections of the Yellow House (Recordações da Casa Amarela)
Antonin Ballsdon,Enhanced multi-state productivity,Outdoors,aballsdonf9@amazon.com,Morning Glory
Berton Elsmere,Optimized fresh-thinking paradigm,Shoes,belsmerefa@multiply.com,"Sky's the Limit, The"
Margie Poinsett,Expanded non-volatile installation,Grocery,mpoinsettfb@amazon.com,Classmates
Abey Di Meo,Synergized bandwidth-monitored structure,Garden,adiff@samsung.com,Versailles
Lelah Kubelka,Persistent systemic info-mediaries,Tools,lkubelkafi@123-reg.co.uk,B.T.K.
Phyllys Fogt,Inverse interactive orchestration,Tools,pfogtfl@wordpress.com,When Trumpets Fade
Cathrine Pilmer,Customizable even-keeled middleware,Toys,cpilmerfn@shutterfly.com,"Unearthly, The"
Mose Teggin,Innovative needs-based encoding,Books,mtegginfo@taobao.com,"Million, Le (Million, The)"
Hannie Gerriet,Multi-tiered zero tolerance workforce,Industrial,hgerrietfr@taobao.com,"Deadly Trap, The (La maison sous les arbres)"
Ulrikaumeko Lindenboim,Synergistic zero tolerance parallelism,Books,ulindenboimfs@paypal.com,"Caine Mutiny Court-Martial, The"
Leroi Greenan,Reactive multi-state database,Industrial,lgreenanft@cafepress.com,Sergeant Rutledge
Wallie Matterface,Total analyzing info-mediaries,Tools,wmatterfacefv@about.me,My Life
Elbert O'Shiel,Up-sized solution-oriented framework,Kids,eoshielfw@etsy.com,The Menacing Eye
Cointon Cussins,Up-sized heuristic functionalities,Baby,ccussinsfy@wikipedia.org,"Grand, The"
Nikaniki Richards,Realigned next generation budgetary management,Outdoors,nrichardsg0@weibo.com,No Distance Left to Run
Jase Muxworthy,Vision-oriented bifurcated initiative,Kids,jmuxworthyg4@xrea.com,Feast
Caressa Coffelt,Automated multi-tasking middleware,Movies,ccoffeltg6@a8.net,Alexander's Ragtime Band
Emanuele Veasey,Innovative value-added solution,Grocery,eveaseyg9@simplemachines.org,"Divorcee, The"
Lissy Frantzen,De-engineered 5th generation system engine,Grocery,lfrantzenga@rediff.com,Millie
Rooney Chape,Decentralized interactive functionalities,Shoes,rchapegc@slideshare.net,"Way We Were, The"
Flory Luesley,Decentralized dedicated knowledge user,Garden,fluesleygd@usda.gov,"Shiro Amakusa, the Christian Rebel (Amakusa Shiro tokisada)"
Kizzee Huffadine,Operative national migration,Shoes,khuffadinege@topsy.com,Baghead
Teddi Loades,Managed multi-state leverage,Automotive,tloadesgf@oaic.gov.au,It's Good to Be Alive
Siegfried Grieg,Distributed static ability,Games,sgrieggg@nifty.com,Museum Hours
Mattie Menchenton,Innovative background ability,Movies,mmenchentongh@netvibes.com,Rocky
Consuela Siret,Centralized encompassing initiative,Health,csiretgl@shop-pro.jp,Big
Wylma Bartos,Reverse-engineered fault-tolerant matrix,Jewelery,wbartosgm@joomla.org,The Girl from Nagasaki
Gunilla Lenahan,Re-contextualized next generation workforce,Toys,glenahangp@biglobe.ne.jp,Mabel at the Wheel
Dwain Althorpe,Digitized user-facing pricing structure,Home,dalthorpegq@un.org,"War You Don't See, The"
Chadd Smallthwaite,Universal scalable firmware,Shoes,csmallthwaitegr@naver.com,Crime Story (Zhong an zu)
Dniren Addenbrooke,Focused optimizing array,Garden,daddenbrookegs@sourceforge.net,Rollerball
Deck Starking,Adaptive web-enabled interface,Computers,dstarkinggt@barnesandnoble.com,"Whole Ten Yards, The"
Meir Crowch,Versatile context-sensitive infrastructure,Automotive,mcrowchgu@tmall.com,"Amityville Horror, The"
Raye Jopke,Stand-alone asymmetric framework,Garden,rjopkegv@skype.com,À nos amours
Roxie Priddis,Networked composite alliance,Sports,rpriddisgw@uol.com.br,"Bone Collector, The"
Mella Reddlesden,Innovative high-level instruction set,Home,mreddlesdengz@pcworld.com,Shanghai Triad (Yao a yao yao dao waipo qiao)
Janessa Kenningley,Integrated eco-centric initiative,Beauty,jkenningleyh0@geocities.jp,"Girl From Paris, A (hirondelle a fait le printemps, Une)"
Caroline Fricker,Programmable intermediate Graphical User Interface,Health,cfrickerh1@addthis.com,Blue Swallow (Cheong yeon)
Connor Loeber,User-friendly exuding framework,Garden,cloeberh2@mediafire.com,Redline
Sauncho Stemp,User-friendly zero administration alliance,Garden,sstemph3@amazon.co.uk,Oedipus Rex (Edipo re)
Arlinda Arnau,Stand-alone modular productivity,Industrial,aarnauh4@constantcontact.com,Hum Aapke Hain Koun...!
Antonella Atlee,Vision-oriented interactive local area network,Kids,aatleeh5@infoseek.co.jp,"Rink, The"
Rebekkah Baiss,Ameliorated eco-centric portal,Industrial,rbaissh6@themeforest.net,Ishaqzaade
Philippine Sinkinson,Multi-tiered 3rd generation structure,Jewelery,psinkinsonhd@engadget.com,Forklift Driver Klaus: The First Day on the Job
Bee Footitt,Compatible real-time emulation,Baby,bfootitthe@etsy.com,Wild in the Streets
Eadie Lapham,Diverse clear-thinking middleware,Tools,elaphamhf@lycos.com,Crazy Mama
Aigneis Spafford,Polarised mobile knowledge base,Kids,aspaffordhg@shutterfly.com,13
Andy Roumier,Re-engineered 24/7 alliance,Computers,aroumierhi@aboutads.info,We Are Marshall
Billy Jerger,Persistent 24/7 flexibility,Tools,bjergerhm@omniture.com,National Lampoon's Pucked
Jacynth Leamy,Business-focused dynamic concept,Clothing,jleamyhn@technorati.com,Hogfather (Terry Pratchett's Hogfather)
Minni Houseman,Multi-channelled human-resource extranet,Home,mhousemanho@blogs.com,Walking With Dinosaurs
Garrot Shoesmith,Balanced bottom-line info-mediaries,Electronics,gshoesmithhp@imdb.com,Bomber
Clara Fritchly,Synchronised directional migration,Books,cfritchlyht@arizona.edu,They Came Back (Les Revenants)
Adrienne Folke,Streamlined radical internet solution,Automotive,afolkehx@gov.uk,"Yes, Madam (a.k.a. Police Assassins) (a.k.a. In the Line of Duty 2) (Huang gu shi jie)"
Delora Auguste,Integrated stable complexity,Grocery,daugustehy@gizmodo.com,Dishonored
Loutitia Fishbourn,Digitized foreground artificial intelligence,Toys,lfishbournhz@csmonitor.com,Robin and the 7 Hoods
Em Moran,Virtual multimedia process improvement,Kids,emorani0@prweb.com,Nightwing
Aloysia Orbon,Ergonomic regional access,Shoes,aorboni1@github.io,Strangers with Candy
Dominica Inold,Reduced 4th generation throughput,Jewelery,dinoldi2@nymag.com,"Ernest Film Festival, The"
Karee Hucks,Robust actuating circuit,Tools,khucksi5@webs.com,Mystery (Fu cheng mi shi)
Alina Smallsman,Operative holistic monitoring,Automotive,asmallsmani8@uiuc.edu,King Kong
Brittany Sibbit,Assimilated disintermediate website,Music,bsibbiti9@google.it,Lone Wolf and Cub: Baby Cart at the River Styx (Kozure Ôkami: Sanzu no kawa no ubaguruma)
Diannne Dungay,Re-contextualized user-facing encoding,Music,ddungayia@disqus.com,The Count of Monte Cristo
Kev Swalteridge,Devolved solution-oriented migration,Garden,kswalteridgeic@bloomberg.com,Ten Skies
Dannel Hallas,Self-enabling object-oriented support,Sports,dhallasid@nature.com,Voices
Cooper Bruyett,Expanded content-based throughput,Baby,cbruyettie@google.nl,Dragon Lord (a.k.a. Dragon Strike) (Long Xiao Ye)
Scottie Maxfield,Networked coherent info-mediaries,Baby,smaxfieldih@google.ru,"Kid With a Bike, The (Le gamin au vélo)"
Enoch Chadwyck,Extended non-volatile throughput,Electronics,echadwyckii@ucoz.ru,God of Cookery (Sik san)
Tod Roots,Cross-platform dedicated standardization,Electronics,trootsij@slideshare.net,"Best Man Holiday, The"
Eryn Frosch,Self-enabling needs-based infrastructure,Jewelery,efroschim@jigsy.com,Couples Retreat
Geralda Heisler,Intuitive stable instruction set,Industrial,gheislerin@arizona.edu,Nine Lives (Ni liv)
Juli Pavelka,Mandatory multimedia middleware,Games,jpavelkaio@smugmug.com,Drive Angry
Gianna Millions,Multi-channelled demand-driven info-mediaries,Electronics,gmillionsiq@com.com,Crash
Vevay Poolton,Multi-lateral solution-oriented core,Industrial,vpooltonis@qq.com,The Coven
Jerri Gamblin,Fully-configurable holistic strategy,Clothing,jgamblinit@mysql.com,Sorority Row
Zea Morey,Upgradable clear-thinking installation,Games,zmoreyiu@rakuten.co.jp,Red Sorghum (Hong gao liang)
Mallissa Tybalt,Decentralized composite definition,Clothing,mtybaltiv@wordpress.com,Because I Said So
Rurik Steen,Self-enabling 6th generation instruction set,Beauty,rsteenix@ucsd.edu,Horrors of Spider Island (Ein Toter Hing im Netz)
Fayina Schankelborg,Organic intangible extranet,Music,fschankelborgiy@answers.com,"Taxing Woman, A (Marusa no onna)"
Loria Clinkard,Customer-focused actuating open system,Jewelery,lclinkardiz@nytimes.com,Every Which Way But Loose
Lindsay Celes,Total transitional frame,Baby,lcelesj0@aboutads.info,Snow on Tha Bluff
Peg Seiler,Persevering national support,Games,pseilerj6@sourceforge.net,Chalet Girl
Susann Stanistrete,Profit-focused exuding projection,Movies,sstanistretej7@ycombinator.com,"Crew, The"
Lola Seller,Multi-channelled zero administration application,Jewelery,lsellerj8@feedburner.com,For the Moment
Jocelin Betterton,Robust fresh-thinking orchestration,Games,jbettertonja@oakley.com,Dreamboat
Kelbee Sibbe,Multi-layered 4th generation functionalities,Books,ksibbejb@weebly.com,Americathon
Morton Greig,Ergonomic dynamic synergy,Toys,mgreigjc@google.com.au,Crime and Punishment in Suburbia
Jedidiah Rowcastle,Cross-group context-sensitive budgetary management,Home,jrowcastlejd@oakley.com,Chain of Fools
Thomasin Lippo,Extended attitude-oriented extranet,Home,tlippojg@addthis.com,Report to the Commissioner
Rafaelita Bassano,Cross-group scalable definition,Garden,rbassanojh@arizona.edu,Lines: Horizontal
Conn Vannet,Open-source leading edge firmware,Electronics,cvannetji@live.com,Fast Food Nation
Jordon Egger,Universal multi-state extranet,Books,jeggerjj@vkontakte.ru,New Police Story (Xin jing cha gu shi)
Gerry Upcraft,Upgradable bottom-line strategy,Home,gupcraftjk@mtv.com,Memorial Day
Cointon Packington,Business-focused hybrid budgetary management,Automotive,cpackingtonjm@qq.com,D.O.A.
Melosa Dibbs,Monitored secondary forecast,Music,mdibbsjo@accuweather.com,"Nibelungen: Siegfried, Die"
Claudie Lantiff,Pre-emptive systemic customer loyalty,Electronics,clantiffjp@auda.org.au,Jubilation Street
Lancelot Fahy,Compatible human-resource synergy,Books,lfahyjq@bloomberg.com,Ghost World
Ashly Fredi,User-friendly human-resource model,Beauty,afredijs@opensource.org,Karla
Tiffani Ingram,Configurable modular circuit,Kids,tingramju@state.tx.us,"Rocket, The (a.k.a. Maurice Richard)"
Lindon Pickersail,Triple-buffered 6th generation standardization,Beauty,lpickersailjv@yahoo.co.jp,Man on Fire
Edithe Seden,Function-based neutral knowledge user,Industrial,esedenjw@lycos.com,The House of Intrigue
Letty Wibrow,Organized next generation hardware,Industrial,lwibrowjx@geocities.com,Nob Hill
Marcel Hebson,Phased background service-desk,Beauty,mhebsonjz@vkontakte.ru,"Green Room, The (a.k.a. Vanishing Fiancee) (La chambre verte)"
Bondon Reimers,Ergonomic user-facing ability,Shoes,breimersk1@people.com.cn,I Never Sang for My Father
Angelle Deerr,Operative contextually-based hierarchy,Automotive,adeerrk4@sogou.com,Animated Motion: Part 5
Allyson Limpricht,Future-proofed cohesive circuit,Grocery,alimprichtk6@over-blog.com,Harley Davidson and the Marlboro Man
Meredithe Brampton,Team-oriented hybrid pricing structure,Beauty,mbramptonk9@ibm.com,Female
Korie Gillatt,Monitored didactic challenge,Baby,kgillattka@sciencedirect.com,Spiral
Kaitlynn Fittall,Balanced background synergy,Jewelery,kfittallkb@w3.org,Where the Boys Are
Virginia Triplett,Switchable 24/7 encryption,Health,vtriplettkc@hc360.com,White Noise 2: The Light
Blondie Riep,Front-line demand-driven artificial intelligence,Health,briepkd@google.it,Battlestar Galactica: The Plan
Sheila Viveash,Upgradable methodical superstructure,Shoes,sviveashke@wired.com,Mall
Dulsea Heliot,Progressive system-worthy methodology,Tools,dheliotkf@csmonitor.com,"Eye, The (Gin gwai) (Jian gui)"
Rogers Domanski,Networked background leverage,Baby,rdomanskikh@edublogs.org,"Murder of Crows, A"
Terrel Banke,Enterprise-wide 4th generation internet solution,Baby,tbankekj@uiuc.edu,Death Note 2: The Last Name
Aguste Noot,Re-contextualized bifurcated standardization,Health,anootkl@jigsy.com,Shun Li and the Poet
Barbette Crosetto,Balanced next generation artificial intelligence,Kids,bcrosettokm@cbslocal.com,Cries and Whispers (Viskningar och rop)
Manuel McCahill,Centralized client-server matrices,Electronics,mmccahillko@phpbb.com,Queen Kelly
Yorgo Grigson,Persevering encompassing website,Grocery,ygrigsonkp@buzzfeed.com,Dead Ringers
Jeri Van Velde,Grass-roots multi-tasking interface,Games,jvankr@xrea.com,Alaska: Spirit of the Wild
Jedediah Udey,Innovative eco-centric monitoring,Music,judeykt@china.com.cn,Paulette
Brynn Bootton,Robust tangible utilisation,Electronics,bboottonku@spotify.com,Here Comes Cookie
Lorette Balshen,Proactive asynchronous archive,Games,lbalshenl2@time.com,"Pan's Labyrinth (Laberinto del fauno, El)"
Arlen Reimer,Exclusive bottom-line time-frame,Movies,areimerl6@springer.com,GasLand
Euphemia Corcoran,Exclusive cohesive instruction set,Games,ecorcoranl7@gmpg.org,This Girl's Life
Karylin Maddison,Customer-focused upward-trending model,Books,kmaddisonl8@xrea.com,Police Academy
Cesya Iglesias,Adaptive global challenge,Sports,ciglesiasl9@va.gov,Eraserhead
Garald Yell,Upgradable coherent matrices,Automotive,gyellla@google.cn,"Man from Snowy River, The"
Carlynn Gouldeby,Enhanced transitional system engine,Sports,cgouldebyld@dmoz.org,Lord Jim
Pablo Elwel,Diverse upward-trending emulation,Shoes,pelwelle@sfgate.com,Fool for Love
Vickie Leonards,Cross-group methodical application,Kids,vleonardslf@europa.eu,Goodbye Again
Werner Gerg,Customer-focused leading edge conglomeration,Games,wgerglh@free.fr,He Got Game
Averil Dubock,Down-sized radical projection,Health,adubockli@upenn.edu,Abols Upe
Abigail Shimman,Inverse maximized open architecture,Jewelery,ashimmanll@ox.ac.uk,Buffalo Bill
Ibrahim Falvey,Operative solution-oriented productivity,Movies,ifalveylm@webeden.co.uk,Midnight Man
Barn Abazi,Virtual human-resource installation,Garden,babazilq@hugedomains.com,First Knight
Elenore Lauridsen,Synchronised transitional instruction set,Automotive,elauridsenlv@issuu.com,Shutter
Sheelah Antuk,Configurable solution-oriented instruction set,Kids,santuklx@themeforest.net,Pusher
Henrietta Waddilow,Ergonomic optimal artificial intelligence,Games,hwaddilowm0@phpbb.com,The Bronze
Yves Brotheridge,Mandatory zero defect initiative,Movies,ybrotheridgem1@moonfruit.com,Barbie in the Nutcracker
Alanna Minister,Inverse dynamic extranet,Movies,aministerm5@nsw.gov.au,Hillbillys in a Haunted House
Perl Linforth,Face to face content-based array,Kids,plinforthm6@free.fr,Show Me
Stacee Hanbidge,Seamless clear-thinking approach,Electronics,shanbidgem8@usgs.gov,Zodiac
Sid Pullen,Re-contextualized intangible frame,Books,spullenma@prnewswire.com,American Movie
Franklyn Fortune,Inverse bottom-line algorithm,Baby,ffortunemd@hp.com,"Animatrix, The"
Bonita Eckart,Fully-configurable local groupware,Jewelery,beckartmg@sfgate.com,Molly
Standford Lawless,Focused impactful website,Grocery,slawlessmh@latimes.com,High School Confidential!
Selle MacWhirter,Stand-alone human-resource hub,Industrial,smacwhirtermj@imageshack.us,Just Married
Peterus Farrent,Triple-buffered interactive projection,Beauty,pfarrentml@nba.com,Two for the Seesaw
Kaia Hayesman,Secured needs-based success,Sports,khayesmanmn@hatena.ne.jp,8 ½ Women (a.k.a. 8 1/2 Women) (a.k.a. Eight and a Half Women)
Derry Ainscough,Monitored eco-centric function,Music,dainscoughmo@xing.com,"Wicker Man, The"
Erwin Fardy,Phased foreground migration,Sports,efardymp@ibm.com,Trek Nation
Antonetta Childs,Enterprise-wide methodical installation,Grocery,achildsmr@list-manage.com,Three Wise Fools
Katey Belcham,Multi-layered static open system,Sports,kbelchammu@diigo.com,Keith
Raffarty Stodd,Face to face user-facing task-force,Kids,rstoddmx@patch.com,Mine Games
Tommy Cussons,Triple-buffered motivating task-force,Outdoors,tcussonsn1@comcast.net,Ted
Estell Cissen,Stand-alone static functionalities,Grocery,ecissenn3@google.nl,"Angel Named Billy, An"
Felicia Beagley,Diverse uniform software,Garden,fbeagleyn4@bloglovin.com,Skin Game
Luca Rois,Team-oriented real-time definition,Tools,lroisn7@last.fm,Fire Down Below
Nicoline Leeb,User-friendly impactful adapter,Outdoors,nleebn9@exblog.jp,French Roast
Rainer Gorce,Digitized leading edge throughput,Computers,rgorcenb@cmu.edu,Confetti
Chrissy Dutton,Virtual 5th generation model,Grocery,cduttonnd@nyu.edu,Robot
Catharine Yarnall,Function-based multi-state alliance,Industrial,cyarnallne@angelfire.com,G.O.R.A.
Yovonnda Paulat,Organic system-worthy paradigm,Clothing,ypaulatnf@vistaprint.com,State of Siege (État de siège)
Mirilla Scamal,Progressive demand-driven synergy,Outdoors,mscamalnh@zdnet.com,IMAX: Coral Reef Adventure
Fletch Falkner,Intuitive mobile benchmark,Baby,ffalknerni@ustream.tv,Tangerines
Hayes Mincini,Managed 3rd generation support,Tools,hmincininj@marketwatch.com,Skin Deep
Jared Merrywether,Fundamental executive groupware,Books,jmerrywethernk@xing.com,Morvern Callar
Sasha Riquet,Right-sized composite definition,Shoes,sriquetnl@skyrock.com,1-900
Jo ann Ferrario,Synergized static budgetary management,Movies,jannnm@pcworld.com,Deadly Outlaw: Rekka (a.k.a. Violent Fire) (Jitsuroku Andô Noboru kyôdô-den: Rekka)
Fannie McKinie,Visionary composite array,Home,fmckinienn@huffingtonpost.com,10th & Wolf
Lesly Slocket,Cloned client-driven system engine,Shoes,lslocketno@ted.com,Elevator to the Gallows (a.k.a. Frantic) (Ascenseur pour l'échafaud)
Cletus Mulbery,Progressive cohesive analyzer,Automotive,cmulberynp@bravesites.com,Miracle in Milan (Miracolo a Milano)
Tye Benedick,Down-sized national process improvement,Baby,tbenedicknq@printfriendly.com,"Roaring Twenties, The"
Pearl Gathwaite,Synchronised regional collaboration,Outdoors,pgathwaitenr@opensource.org,Commune
Olga Siege,Operative background complexity,Automotive,osiegens@dailymotion.com,Heartbreaker (L'Arnacoeur)
Elbertine Gravet,Multi-lateral leading edge service-desk,Electronics,egravetnt@hugedomains.com,Comradeship (Kameradschaft)
Dre Pol,Assimilated asynchronous application,Garden,dpolnv@clickbank.net,Rudy
Brien Cottis,Face to face contextually-based paradigm,Jewelery,bcottisnw@skype.com,"Triumph of the Nerds, The: The Rise of Accidental Empires"
Gabi Lauritzen,Enhanced exuding middleware,Tools,glauritzennz@blog.com,"Diary of a Chambermaid, The"
Skell Duer,Digitized intangible support,Tools,sduero0@time.com,"Moderns, The"
Marcelia McAllen,Cross-platform leading edge implementation,Baby,mmcalleno1@sina.com.cn,Scusa ma ti chiamo amore
Bent Frossell,User-centric didactic product,Games,bfrossello3@auda.org.au,Johnny Tremain
Yale Kidson,Persevering system-worthy internet solution,Books,ykidsono4@123-reg.co.uk,Knuckleball!
Milly Harrowsmith,Cross-platform radical knowledge base,Tools,mharrowsmitho5@ox.ac.uk,Get a Horse!
Darrick Atheis,Persevering transitional adapter,Clothing,datheiso6@bluehost.com,"Girl Next Door, The"
Josi Gartrell,Business-focused impactful benchmark,Industrial,jgartrello8@cyberchimps.com,Barbara
Dreddy Hedylstone,Compatible grid-enabled collaboration,Garden,dhedylstoneo9@blogs.com,One Way Passage
Erminie Kropach,Synergized mobile conglomeration,Automotive,ekropachoa@feedburner.com,"Giver, The"
Gwendolen Nansom,Visionary needs-based interface,Grocery,gnansomoc@imdb.com,"Little Shop of Horrors, The"
Wyatan Massingham,Synergistic responsive knowledge base,Tools,wmassinghamoe@weibo.com,Yesterday
Grazia McKitterick,Inverse directional system engine,Sports,gmckitterickog@stumbleupon.com,Duelist (Hyeongsa)
Shelton Prantoni,Enterprise-wide holistic service-desk,Outdoors,sprantonioh@tinypic.com,Cheetah
Nikki Vanlint,Business-focused full-range definition,Books,nvanlinton@techcrunch.com,Hell's Highway
Fidelio Dade,Open-architected didactic capacity,Toys,fdadeop@nbcnews.com,Jet Pilot
Dianne O'Doogan,Profit-focused reciprocal matrices,Shoes,dodooganoq@noaa.gov,Prozac Nation
Ethelda Boots,Profound zero administration instruction set,Tools,ebootsor@livejournal.com,Hatchet
Kirstin Stolle,Phased neutral info-mediaries,Games,kstolleos@163.com,Bugs Bunny's 3rd Movie: 1001 Rabbit Tales
Tadd Antonopoulos,De-engineered real-time challenge,Garden,tantonopoulosou@amazon.co.uk,Children of Men
Hugibert Waggitt,Realigned dynamic projection,Tools,hwaggittow@ft.com,"Topo, El"
Florri Soars,Intuitive multi-tasking infrastructure,Industrial,fsoarsox@infoseek.co.jp,Cooperstown
Stan Lintott,Operative context-sensitive core,Industrial,slintottoy@google.nl,"Seeker: The Dark Is Rising, The"
Oralee Midner,Visionary exuding website,Jewelery,omidnerp1@nsw.gov.au,"Life and Times of Hank Greenberg, The"
Iona Pitchers,Enhanced stable focus group,Clothing,ipitchersp2@stumbleupon.com,Summer School
Amargo Danne,Re-contextualized bifurcated moderator,Health,adannep3@pbs.org,Murder on Flight 502
Tucker Scripture,Front-line optimizing instruction set,Books,tscripturep4@theguardian.com,Mon oncle d'Amérique
Leanora McKerron,Reverse-engineered leading edge collaboration,Garden,lmckerronp9@buzzfeed.com,Riki-Oh: The Story of Ricky (Lik Wong)
Reuven Stanluck,Configurable global Graphical User Interface,Garden,rstanluckpa@nifty.com,Rouge (Yin ji kau)
Bartholemy Gras,Integrated heuristic protocol,Sports,bgraspb@tripod.com,Carrie
Robbi Kissell,Total global conglomeration,Outdoors,rkissellpd@ibm.com,Sunshine
Ellary Kuna,Multi-lateral local matrix,Sports,ekunapi@nih.gov,Encore
Konstantin Thiem,Reactive didactic framework,Health,kthiempm@ibm.com,Whisper
Raimundo Abramamov,Organic 5th generation open system,Jewelery,rabramamovpp@timesonline.co.uk,Freeway
Brewster Gemson,Up-sized 24 hour alliance,Tools,bgemsonpq@pinterest.com,Dating Games People Play
Matelda Boswell,Polarised optimizing initiative,Movies,mboswellpw@alexa.com,Crisis (Kris)
Hyatt Sollett,Customer-focused actuating complexity,Clothing,hsollettq1@narod.ru,Tyson
Renaldo Lidgate,Business-focused well-modulated hub,Beauty,rlidgateq2@fema.gov,Aliens in the Attic
Gunilla Ellyatt,Face to face client-server strategy,Automotive,gellyattq5@simplemachines.org,Captain EO
Rubetta Alflatt,Enhanced 6th generation throughput,Baby,ralflattq8@spiegel.de,Tortilla Soup
Ruperto Kitcat,Business-focused zero tolerance infrastructure,Health,rkitcatq9@ed.gov,Superman Returns
Moses Alfonsini,Focused tangible knowledge base,Home,malfonsiniqb@fc2.com,A Fugitive from the Past
Kirstin Balderson,Intuitive bifurcated attitude,Industrial,kbaldersonqc@hatena.ne.jp,Children of the Corn V: Fields of Terror
Rich De Angelo,Re-engineered background conglomeration,Garden,rdeqe@amazon.co.uk,Wanda
Carmine Scarlan,Horizontal exuding productivity,Garden,cscarlanqf@mozilla.org,"Coluche, l'histoire d'un mec"
Kristi Manvell,Exclusive exuding solution,Industrial,kmanvellqh@edublogs.org,Agora
Cahra Stopforth,Team-oriented asynchronous ability,Jewelery,cstopforthqj@moonfruit.com,Black Coffee
Gayla Shimoni,Face to face high-level matrices,Music,gshimoniqn@jimdo.com,Algiers
Wilek Adamiak,Synchronised optimal hub,Garden,wadamiakqp@ocn.ne.jp,She Wouldn't Say Yes
Lonnie Ebbles,Robust hybrid hub,Home,lebblesqq@va.gov,"Boy Friend, The"
Tootsie Bangham,Fully-configurable 5th generation data-warehouse,Games,tbanghamqx@chronoengine.com,Journey to the Far Side of the Sun (a.k.a. Doppelgänger)
Wolf Nanninini,Intuitive motivating matrices,Home,wnannininiqz@usgs.gov,Cool Air
Babb Luis,Organic national matrix,Baby,bluisr3@barnesandnoble.com,"""Great Performances"" Cats"
Wadsworth Tym,Function-based context-sensitive neural-net,Computers,wtymr4@craigslist.org,The Last Time I Saw Macao
Riobard Mabey,Right-sized attitude-oriented definition,Games,rmabeyr7@yolasite.com,"Freshman, The"
Kip Menci,Function-based fresh-thinking methodology,Garden,kmencir8@drupal.org,Better This World
Bev Durning,Horizontal dedicated benchmark,Games,bdurningra@miibeian.gov.cn,Roustabout
Adelbert Deveril,Synergized dynamic middleware,Clothing,adeverilrb@hao123.com,Evil Under the Sun
Bernadina Buske,Multi-channelled solution-oriented hub,Tools,bbuskerf@joomla.org,Sweeney Todd: The Demon Barber of Fleet Street
Innis Lister,Stand-alone user-facing system engine,Baby,ilisterrg@360.cn,Babar The Movie
Rorke Keeley,Realigned neutral solution,Garden,rkeeleyrj@harvard.edu,Driving Miss Daisy
Mahmoud Yair,Fundamental system-worthy utilisation,Garden,myairrk@senate.gov,Killer's Kiss
Sascha Freeth,Open-source systemic Graphic Interface,Movies,sfreethrp@smh.com.au,Caught Inside
Ninette Kinrade,Focused mission-critical software,Beauty,nkinraderq@europa.eu,Boys Life
Tiphani Greatbach,Innovative systematic focus group,Books,tgreatbachrr@prlog.org,For the Birds